Unb;Mapa;Veiculo;Armazem;Nome Armazem;Cliente;Nome;Endereco;Bairro;Cidade;Cd.Vdr;Pedido;Tipo Mov;Peso Bruto;Hr.Min;Hr.Max;Situacao;
0001;     1;         ;  ;                    ;         226;S5 - SILVA INDAIA   ;AV  RIO BRANCO                    400   ;INDAIA              ;CARAGUATATUBA       ;  406;504845;VENDA      ;   1900,93;00:00;00:00;Preservado Pré RS
0001;     1;         ;  ;                    ;         226;S5 - SILVA INDAIA   ;AV  RIO BRANCO                    400   ;INDAIA              ;CARAGUATATUBA       ;  406;504868;VENDA      ;   1649,17;00:00;00:00;Preservado Pré RS
0001;     1;         ;  ;                    ;         226;S5 - SILVA INDAIA   ;AV  RIO BRANCO                    400   ;INDAIA              ;CARAGUATATUBA       ;  406;504846;BONIFICACAO;     67,60;00:00;00:00;Preservado Pré RS
0001;     1;         ;  ;                    ;         226;S5 - SILVA INDAIA   ;AV  RIO BRANCO                    400   ;INDAIA              ;CARAGUATATUBA       ;  406;504869;BONIFICACAO;    174,36;00:00;00:00;Preservado Pré RS
0001;     1;         ;  ;                    ;         571;MERCADO TIA LENA    ;EST RIO ESCURO                    448   ;RIO ESCURO          ;UBATUBA             ;  404;504664;VENDA      ;    225,93;00:00;00:00;Preservado Pré RS
0001;     1;         ;  ;                    ;         571;MERCADO TIA LENA    ;EST RIO ESCURO                    448   ;RIO ESCURO          ;UBATUBA             ;  404;504968;TROCA      ;      0,87;00:00;00:00;Preservado Pré RS
0001;     1;         ;  ;                    ;        1733;S5 - SEMAR LI 12    ;R   CAPITAO LUIZ SOARES           466   ;CENTRO              ;SAO SEBASTIAO       ;  406;504369;VENDA      ;    994,67;00:00;00:00;Preservado Pré RS
0001;     1;         ;  ;                    ;        2998;S5 - SEMAR LI 14    ;R   DONA MARIA ALVES              715   ;CENTRO              ;UBATUBA             ;  407;504372;VENDA      ;   1276,48;00:00;00:00;Preservado Pré RS
0001;     1;         ;  ;                    ;        6600;SUPERM CANTO BRAVO  ;AV  PROFESSORA ADALI COELHO PASSOS690   ;PRAINHA             ;CARAGUATATUBA       ;  406;504750;VENDA      ;   1137,52;00:00;00:00;Preservado Pré RS
0001;     1;         ;  ;                    ;        6628;MERCADO BR 101      ;R   MARIA DE LOURDES PERES DOS SAN213   ;ESTUFA 1            ;UBATUBA             ;  404;504879;VENDA      ;   1052,68;00:00;00:00;Preservado Pré RS
0001;     1;         ;  ;                    ;        6628;MERCADO BR 101      ;R   MARIA DE LOURDES PERES DOS SAN213   ;ESTUFA 1            ;UBATUBA             ;  404;504971;TROCA      ;      0,36;00:00;00:00;Preservado Pré RS
0001;     1;         ;  ;                    ;        7099;S5 - SILVA INDAIA II;AV  PRESIDENTE CASTELO BRANCO     55    ;BALNEARIO FOREST    ;CARAGUATATUBA       ;  406;504881;VENDA      ;   3630,04;00:00;00:00;Preservado Pré RS
0001;     1;         ;  ;                    ;        7099;S5 - SILVA INDAIA II;AV  PRESIDENTE CASTELO BRANCO     55    ;BALNEARIO FOREST    ;CARAGUATATUBA       ;  406;504892;VENDA      ;   1336,48;00:00;00:00;Preservado Pré RS
0001;     1;         ;  ;                    ;        7099;S5 - SILVA INDAIA II;AV  PRESIDENTE CASTELO BRANCO     55    ;BALNEARIO FOREST    ;CARAGUATATUBA       ;  406;504883;BONIFICACAO;    156,00;00:00;00:00;Preservado Pré RS
0001;     1;         ;  ;                    ;        7099;S5 - SILVA INDAIA II;AV  PRESIDENTE CASTELO BRANCO     55    ;BALNEARIO FOREST    ;CARAGUATATUBA       ;  406;504893;BONIFICACAO;    630,98;00:00;00:00;Preservado Pré RS
0001;     1;         ;  ;                    ;        7388;MINIMERC SANTA MARTA;AV  RIO GRANDE DO SUL             595   ;CENTRO              ;UBATUBA             ;  404;504740;VENDA      ;    310,65;00:00;00:00;Preservado Pré RS
0001;     1;         ;  ;                    ;        9419;S5 - SEMAR LI 25    ;R   GUARDA MOR LOBO VIANA         934   ;CENTRO              ;SAO SEBASTIAO       ;  406;503917;VENDA      ;   3837,00;00:00;00:00;Preservado Pré RS
0001;     1;         ;  ;                    ;        9419;S5 - SEMAR LI 25    ;R   GUARDA MOR LOBO VIANA         934   ;CENTRO              ;SAO SEBASTIAO       ;  406;504370;VENDA      ;   1508,00;00:00;00:00;Preservado Pré RS
0001;    12;         ;  ;                    ;       56732;ZE - LITORAL NORTE C;AV  PRESTES MAIA                  185   ;CENTRO              ;CARAGUATATUBA       ;   12;504991;VENDA      ;    960,30;00:00;00:00;                 
0001;    12;         ;  ;                    ;       56752;ZE - CHOPP EXPRESS  ;R   CAPITAO FELIPE                217   ;ITAGUA              ;UBATUBA             ;   12;504992;VENDA      ;    533,50;00:00;00:00;                 
0001;   101;         ;  ;                    ;        6815;BAR NASCIMENTO      ;AV  DOS BANDEIRANTES              407   ;ITAQUANDUBA         ;ILHABELA            ;  101;505392;VENDA      ;    277,70;00:00;00:00;                 
0001;   101;         ;  ;                    ;        7635;BAR E MER POSSI     ;R   Brasil                        453   ;BARRA VELHA         ;ILHABELA            ;  101;505260;VENDA      ;    119,16;00:00;00:00;                 
0001;   101;         ;  ;                    ;        7782;ANACLETO            ;R   PARAIBA GELBA I               25    ;PEREQUE             ;ILHABELA            ;  101;505159;VENDA      ;    219,16;00:00;00:00;                 
0001;   101;         ;  ;                    ;       10131;MERCEARIA DA CLEIDE ;R   HELENA ALVES DE CARVALHO      184   ;PRAIA DO PORTINHO   ;ILHABELA            ;  101;505210;VENDA      ;     59,86;00:00;00:00;                 
0001;   101;         ;  ;                    ;       10131;MERCEARIA DA CLEIDE ;R   HELENA ALVES DE CARVALHO      184   ;PRAIA DO PORTINHO   ;ILHABELA            ;  101;505211;BONIFICACAO;      6,23;00:00;00:00;                 
0001;   101;         ;  ;                    ;       11356;RECANTO DOS MINEIROS;R   DO ZABUMBA                    70    ;PEREQUE             ;ILHABELA            ;  101;505332;VENDA      ;    123,50;00:00;00:00;                 
0001;   101;         ;  ;                    ;       12095;DIUVANES QUARESMA SI;R   JOSE BENICIO DOS SAsNTOS      99    ;BARRA VELHA         ;ILHABELA            ;  101;504993;VENDA      ;     45,84;00:00;00:00;                 
0001;   101;         ;  ;                    ;       16382;BAR AVENIDA         ;AV  PRINCESA ISABEL               2668  ;BARRA VELHA         ;ILHABELA            ;  101;504994;VENDA      ;     73,40;00:00;00:00;                 
0001;   101;         ;  ;                    ;       17474;ALASKA PESCADOS     ;AV  AVENIDA JOSE PACHECO DO NASCIM7870  ;CENTRO              ;ILHABELA            ;  101;504995;VENDA      ;     74,91;00:00;00:00;                 
0001;   101;         ;  ;                    ;       17474;ALASKA PESCADOS     ;AV  AVENIDA JOSE PACHECO DO NASCIM7870  ;CENTRO              ;ILHABELA            ;  101;504998;BONIFICACAO;     94,77;00:00;00:00;                 
0001;   101;         ;  ;                    ;       18500;MERCEARIA ILHAMAR   ;R   DO ZABUMBA                    391   ;ZABUMBA             ;ILHABELA            ;  101;505001;VENDA      ;    121,05;00:00;00:00;                 
0001;   101;         ;  ;                    ;       18553;TAMARA CHAVES       ;R   CHICO GRAVI DOS SANTOS        70    ;REINO               ;ILHABELA            ;  101;505005;VENDA      ;     42,84;00:00;00:00;                 
0001;   101;         ;  ;                    ;       18572;CARNES VITORIA ILHA ;R   DAS JACAS                     8     ;PEREQUE             ;ILHABELA            ;  101;505009;VENDA      ;    510,75;00:00;00:00;                 
0001;   101;         ;  ;                    ;       18572;CARNES VITORIA ILHA ;R   DAS JACAS                     8     ;PEREQUE             ;ILHABELA            ;  101;505012;BONIFICACAO;     88,55;00:00;00:00;                 
0001;   101;         ;  ;                    ;       18656;HOTEL BARRA DO PIUV ;AV  BRASIL                        1120  ;BARRA VELHA         ;ILHABELA            ;  101;505303;VENDA      ;    275,50;00:00;00:00;                 
0001;   104;         ;  ;                    ;          54;QUIOSQUE DO EDU     ;AV  PREF.GERALDO NOGUEIRA DA SILVA43    ;INDAIA              ;CARAGUATATUBA       ;  104;505149;VENDA      ;    111,23;00:00;00:00;                 
0001;   104;         ;  ;                    ;          54;QUIOSQUE DO EDU     ;AV  PREF.GERALDO NOGUEIRA DA SILVA43    ;INDAIA              ;CARAGUATATUBA       ;  104;505150;BONIFICACAO;     16,47;00:00;00:00;                 
0001;   104;         ;  ;                    ;         247;BAR E MERC RENASCER ;R   RODRIGUES ALVES               200   ;INDAIA              ;CARAGUATATUBA       ;  104;504996;VENDA      ;    120,80;00:00;00:00;                 
0001;   104;         ;  ;                    ;        5658;ANA BAR MINI        ;AV  ETHEL CINTIA DE MEDEIROS      490   ;RIO CLARO           ;CARAGUATATUBA       ;  104;505313;VENDA      ;    377,98;00:00;00:00;                 
0001;   104;         ;  ;                    ;       10217;ESPET. BOM DE BOCA  ;R   CASIMIRO JOSE MARQUES DE ABREU32    ;MORRO DO ALGODAO    ;CARAGUATATUBA       ;  104;505246;VENDA      ;     61,19;00:00;00:00;                 
0001;   104;         ;  ;                    ;       10581;BAR TRIBO CAICARA   ;R   IZAMIRA PINTO SANTANA         695   ;JARDIM PORTO NOVO   ;CARAGUATATUBA       ;  104;504999;VENDA      ;    170,28;00:00;00:00;                 
0001;   104;         ;  ;                    ;       10581;BAR TRIBO CAICARA   ;R   IZAMIRA PINTO SANTANA         695   ;JARDIM PORTO NOVO   ;CARAGUATATUBA       ;  104;505185;VENDA      ;     25,90;00:00;00:00;                 
0001;   104;         ;  ;                    ;       15613;S5 - BAR E MERCEARIA;R   ITALO MAZZUCCA                589   ;PARQUE BALNEARIO MAR;CARAGUATATUBA       ;  104;505304;VENDA      ;    343,26;00:00;00:00;                 
0001;   104;         ;  ;                    ;       15613;S5 - BAR E MERCEARIA;R   ITALO MAZZUCCA                589   ;PARQUE BALNEARIO MAR;CARAGUATATUBA       ;  104;505305;BONIFICACAO;      2,24;00:00;00:00;                 
0001;   104;         ;  ;                    ;       17433;CASA DO PAO         ;R   NELSON PIRES                  46    ;LOTEAMENTO RESIDENCI;CARAGUATATUBA       ;  104;505119;VENDA      ;    117,02;00:00;00:00;                 
0001;   104;         ;  ;                    ;       17706;QUIOSQUE 47 JAIRINHO;AV  AVENIDA GERALDO NOGUEIRA DA SI47    ;PORTO NOVO          ;CARAGUATATUBA       ;  104;505268;VENDA      ;     77,70;00:00;00:00;                 
0001;   104;         ;  ;                    ;       17912;COMERCIAL           ;R   das Sépias                    171   ;PONTAL DE SANTA MARI;CARAGUATATUBA       ;  104;505002;VENDA      ;    113,36;00:00;00:00;                 
0001;   104;         ;  ;                    ;       18907;KATATAU PADARIA E RE;AV  Geraldo Nogueira da Silva     20    ;JARDIM PORTO NOVO   ;CARAGUATATUBA       ;  104;505207;VENDA      ;     76,89;00:00;00:00;                 
0001;   104;         ;  ;                    ;       19587;QUIOSQ 7 FLOR CARIBE;AV  PREF.GERALDO NOGUEIRA DA SILVA7     ;INDAIA              ;CARAGUATATUBA       ;  104;505004;VENDA      ;    205,96;00:00;00:00;                 
0001;   104;         ;  ;                    ;       19587;QUIOSQ 7 FLOR CARIBE;AV  PREF.GERALDO NOGUEIRA DA SILVA7     ;INDAIA              ;CARAGUATATUBA       ;  104;505382;VENDA      ;     27,30;00:00;00:00;                 
0001;   104;         ;  ;                    ;       19637;66.975.110 MARCIA DE;R   JOSE GERALDO FERNANDES DA SILV800   ;TRAVESSAO           ;CARAGUATATUBA       ;  104;505007;VENDA      ;    278,54;00:00;00:00;                 
0001;   104;         ;  ;                    ;       19637;66.975.110 MARCIA DE;R   JOSE GERALDO FERNANDES DA SILV800   ;TRAVESSAO           ;CARAGUATATUBA       ;  104;505010;BONIFICACAO;      2,64;00:00;00:00;                 
0001;   104;         ;  ;                    ;       19678;BAR E LANCH GAIVOTAS;R   DAS ANDORINHAS                68    ;JARDIM DAS GAIVOTAS ;CARAGUATATUBA       ;  104;505011;VENDA      ;    176,69;00:00;00:00;                 
0001;   104;         ;  ;                    ;       59118;PADARIA BRUNO CONFEI;AV  DOMINGOS MARTINS CABRERA      947   ;BALNEARIO RECANTO DO;CARAGUATATUBA       ;  104;505014;VENDA      ;    501,85;00:00;00:00;                 
0001;   105;         ;  ;                    ;        3217;COMANDANTE ADRIANO  ;AV  JOSE PACHECO DO NASCIMENTO    8086  ;CURRAL              ;ILHABELA            ;  105;505144;VENDA      ;    327,22;00:00;00:00;                 
0001;   105;         ;  ;                    ;        8447;VILA MOEMA          ;R   PRINCESA ISABEL               809   ;PEREQUE             ;ILHABELA            ;  105;504997;VENDA      ;    198,18;00:00;00:00;                 
0001;   105;         ;  ;                    ;        8447;VILA MOEMA          ;R   PRINCESA ISABEL               809   ;PEREQUE             ;ILHABELA            ;  105;505368;VENDA      ;     26,20;00:00;00:00;                 
0001;   105;         ;  ;                    ;        8447;VILA MOEMA          ;R   PRINCESA ISABEL               809   ;PEREQUE             ;ILHABELA            ;  105;505000;BONIFICACAO;      1,74;00:00;00:00;                 
0001;   105;         ;  ;                    ;        8665;BELLA BAR           ;R   DR CARVALHO                   70    ;CENTRO              ;ILHABELA            ;  105;505003;VENDA      ;    114,16;00:00;00:00;                 
0001;   105;         ;  ;                    ;       10544;ESCRITORIO BAR      ;R   PRINCESA ISABEL               3249  ;PEREQUE             ;ILHABELA            ;  105;505006;VENDA      ;    256,20;00:00;00:00;                 
0001;   105;         ;  ;                    ;       10663;REI DA PRAIA, BAR E ;AV  JOSE PACHECO DO NASCIMENTO    7746  ;CURRAL              ;ILHABELA            ;  105;505008;VENDA      ;    221,84;00:00;00:00;                 
0001;   105;         ;  ;                    ;       11685;CHOPERIA AVENIDA    ;AV  PRINCESA ISABEL               1574  ;PEREQUE             ;ILHABELA            ;  105;505228;VENDA      ;    477,97;00:00;00:00;                 
0001;   105;         ;  ;                    ;       15963;KOMBOSA             ;R   RIACHUELO                     5270  ;PRAIA GRANDE        ;ILHABELA            ;  105;505176;VENDA      ;    211,07;00:00;00:00;                 
0001;   105;         ;  ;                    ;       16057;ILHA DO CAMARAO II  ;AV  RIACHUELO                     5974  ;PRAIA GRANDE        ;ILHABELA            ;  105;505146;VENDA      ;    615,29;00:00;00:00;                 
0001;   105;         ;  ;                    ;       17825;LORO BAR E RESTAURAN;AV  JOSE PACHECO DO NASCIMENTO    7942  ;CURRAL              ;ILHABELA            ;  105;505013;VENDA      ;     42,64;00:00;00:00;                 
0001;   105;         ;  ;                    ;       18451;BELA ILHA ESTACIONAM;AV  RIACHUELO                     5720  ;CENTRO              ;ILHABELA            ;  105;505189;VENDA      ;     81,60;00:00;00:00;                 
0001;   105;         ;  ;                    ;       19186;TEMAKERIA           ;AV  SAO JOAO                      512   ;PEREQUE             ;ILHABELA            ;  105;505132;VENDA      ;     89,97;00:00;00:00;                 
0001;   105;         ;  ;                    ;       56737;MIRANTE             ;R   GOVERNADOR MARIO COVAS JUNIOR 16600 ;BORRIFOS            ;ILHABELA            ;  105;505015;VENDA      ;     65,56;00:00;00:00;                 
0001;   107;         ;  ;                    ;        8999;CARRINHO DO MARIO   ;R   NOSSA SENHORA APARECIDA       286   ;BAREQUECABA         ;SAO SEBASTIAO       ;  107;505254;VENDA      ;     23,84;00:00;00:00;                 
0001;   107;         ;  ;                    ;        8999;CARRINHO DO MARIO   ;R   NOSSA SENHORA APARECIDA       286   ;BAREQUECABA         ;SAO SEBASTIAO       ;  107;505347;VENDA      ;     61,42;00:00;00:00;                 
0001;   107;         ;  ;                    ;        8999;CARRINHO DO MARIO   ;R   NOSSA SENHORA APARECIDA       286   ;BAREQUECABA         ;SAO SEBASTIAO       ;  107;505255;BONIFICACAO;      4,35;00:00;00:00;                 
0001;   107;         ;  ;                    ;       11656;CARRINHO DA LU      ;R   DEBORA                        61    ;CAMBURY             ;SAO SEBASTIAO       ;  107;505016;VENDA      ;     25,48;00:00;00:00;                 
0001;   107;         ;  ;                    ;       16105;CARRINHO AME MARAS  ;R   ROMUALDO DE MATOS             183   ;BOICUCANGA          ;SAO SEBASTIAO       ;  107;505358;VENDA      ;     20,76;00:00;00:00;                 
0001;   107;         ;  ;                    ;       17691;BRUNA SANTOS        ;R   NOSSA SENHORA APARECIDA       13    ;PRAIA DE CAMBURI    ;SAO SEBASTIAO       ;  107;505341;VENDA      ;     53,60;00:00;00:00;                 
0001;   107;         ;  ;                    ;       19199;VITTORIO EMMANUEL   ;R   Rua Doutor Yojiro Takaoka     152   ;PRAIA DO TOQUE-TOQUE;SAO SEBASTIAO       ;  107;505184;VENDA      ;    194,62;00:00;00:00;                 
0001;   107;         ;  ;                    ;       19208;BARRACA ARTHUR MAAH ;R   CAMINHO DO MEIO               3     ;SERTAO DO CAMBURI   ;SAO SEBASTIAO       ;  107;505017;VENDA      ;     47,18;00:00;00:00;                 
0001;   107;         ;  ;                    ;       19208;BARRACA ARTHUR MAAH ;R   CAMINHO DO MEIO               3     ;SERTAO DO CAMBURI   ;SAO SEBASTIAO       ;  107;505019;VENDA      ;     25,92;00:00;00:00;                 
0001;   107;         ;  ;                    ;       19208;BARRACA ARTHUR MAAH ;R   CAMINHO DO MEIO               3     ;SERTAO DO CAMBURI   ;SAO SEBASTIAO       ;  107;505018;BONIFICACAO;      6,00;00:00;00:00;                 
0001;   107;         ;  ;                    ;       58806;CARRINHO DO JONAS   ;R   TIJUCAS                       74    ;BAIRRO DE CAMBURI   ;SAO SEBASTIAO       ;  107;505117;VENDA      ;     27,72;00:00;00:00;                 
0001;   107;         ;  ;                    ;       58807;CARRINHO DOS BAIANOS;R   NOSSA SENHORA APARECIDA       40    ;CAMBURI             ;SAO SEBASTIAO       ;  107;505296;VENDA      ;     38,88;00:00;00:00;                 
0001;   107;         ;  ;                    ;       58931;CARRINHO DO KADU    ;R   MARIA PRUDENCIA CESAR         25    ;MARESIAS            ;SAO SEBASTIAO       ;  107;505323;VENDA      ;     31,12;00:00;00:00;                 
0001;   107;         ;  ;                    ;       60005;CARRINHO SAO PAULINO;R   LUZIANA                       174   ;BOICUCANGA          ;SAO SEBASTIAO       ;  107;505324;VENDA      ;     22,40;00:00;00:00;                 
0001;   107;         ;  ;                    ;       60005;CARRINHO SAO PAULINO;R   LUZIANA                       174   ;BOICUCANGA          ;SAO SEBASTIAO       ;  107;505325;BONIFICACAO;      1,45;00:00;00:00;                 
0001;   108;         ;  ;                    ;         194;S5 - CANTO DO PAUBA ;R   R BRAGANCA PAULISTA 150       150   ;PAUBA               ;SAO SEBASTIAO       ;  108;505020;VENDA      ;     51,80;00:00;00:00;                 
0001;   108;         ;  ;                    ;        3240;ESFIHA BOISSUCANGA  ;R   WALKIR VERGANI                111   ;BARRA DO SAHY       ;SAO SEBASTIAO       ;  108;505021;VENDA      ;     72,56;00:00;00:00;                 
0001;   108;         ;  ;                    ;        6299;PANIFICADORA ALIANCA;R   Brasil                        1250  ;BARRA VELHA         ;ILHABELA            ;  108;505173;VENDA      ;     77,13;00:00;00:00;                 
0001;   108;         ;  ;                    ;       15729;ADEGA TH            ;TV  DO CARLA CESAR MATIAS_x000D_(N98    ;MARESIAS            ;SAO SEBASTIAO       ;  108;505022;VENDA      ;    329,20;00:00;00:00;                 
0001;   108;         ;  ;                    ;       15729;ADEGA TH            ;TV  DO CARLA CESAR MATIAS_x000D_(N98    ;MARESIAS            ;SAO SEBASTIAO       ;  108;505307;VENDA      ;      2,90;00:00;00:00;                 
0001;   108;         ;  ;                    ;       17537;BAR DO CAMPO        ;R   OLIMPIO FAUSTINO              42    ;CAMBURI             ;SAO SEBASTIAO       ;  108;505205;VENDA      ;    148,42;00:00;00:00;                 
0001;   108;         ;  ;                    ;       18267;CIRIBAI BAR E COZINH;R   DOS JACARANDAS                165   ;PAUBA               ;SAO SEBASTIAO       ;  108;505023;VENDA      ;     38,86;00:00;00:00;                 
0001;   108;         ;  ;                    ;       18267;CIRIBAI BAR E COZINH;R   DOS JACARANDAS                165   ;PAUBA               ;SAO SEBASTIAO       ;  108;505025;BONIFICACAO;      6,40;00:00;00:00;                 
0001;   108;         ;  ;                    ;       18294;MERCEARIA DA ANA    ;EST DO CASCALHO                   2020  ;BOICUCANGA          ;SAO SEBASTIAO       ;  108;505267;VENDA      ;     22,40;00:00;00:00;                 
0001;   109;         ;  ;                    ;        1005;BAR DO VIVALDO      ;R   BERNARDO CARDIN NETO          687   ;MORRO DO ABRIGO     ;SAO SEBASTIAO       ;  109;505328;VENDA      ;    211,15;00:00;00:00;                 
0001;   109;         ;  ;                    ;        3147;PAD. MERC. ENSEADA  ;AV  VEREADOR EMILIO GRANATO       5485  ;ENSEADA             ;SAO SEBASTIAO       ;  109;505124;VENDA      ;    119,23;00:00;00:00;                 
0001;   109;         ;  ;                    ;        3147;PAD. MERC. ENSEADA  ;AV  VEREADOR EMILIO GRANATO       5485  ;ENSEADA             ;SAO SEBASTIAO       ;  109;505125;BONIFICACAO;      6,40;00:00;00:00;                 
0001;   109;         ;  ;                    ;        5989;BAR DO RAIMUNDINHO  ;R   CAPITAO LUIZ SOARES           295   ;CENTRO              ;SAO SEBASTIAO       ;  109;505269;VENDA      ;    554,64;00:00;00:00;                 
0001;   109;         ;  ;                    ;        6480;BAR DO GIL          ;R   NETUNO                        279   ;CANTO DO MAR        ;SAO SEBASTIAO       ;  109;505151;VENDA      ;    194,40;00:00;00:00;                 
0001;   109;         ;  ;                    ;       11047;COSTA NORTE LANCHONE;PC  JOAO EDUARDO DE MORAES        5193  ;ENSEADA             ;SAO SEBASTIAO       ;  109;505024;VENDA      ;    225,22;00:00;00:00;                 
0001;   109;         ;  ;                    ;       11295;CARRINHO DA BAIANA  ;R   DA SEREIA                     279   ;CIGARRAS            ;SAO SEBASTIAO       ;  109;505361;VENDA      ;     74,09;00:00;00:00;                 
0001;   109;         ;  ;                    ;       11758;S5 - SR. BUTY       ;R   GENERAL OSORIO                105   ;CENTRO              ;SAO SEBASTIAO       ;  109;505026;VENDA      ;    213,46;00:00;00:00;                 
0001;   109;         ;  ;                    ;       12948;MAR PEIXE           ;R   PARA                          127   ;INDUSTRIAL          ;SAO SEBASTIAO       ;  109;505208;VENDA      ;     44,90;00:00;00:00;                 
0001;   109;         ;  ;                    ;       15719;BAR DOS AMIGOS      ;R   CARREADOR DA ENSEADA          25    ;JARAGUA             ;SAO SEBASTIAO       ;  109;505029;VENDA      ;    326,96;00:00;00:00;                 
0001;   109;         ;  ;                    ;       16831;PRIMAS MERCEARIA E B;R   ONUMA                         515   ;JARAGUA             ;SAO SEBASTIAO       ;  109;505237;VENDA      ;     42,00;00:00;00:00;                 
0001;   109;         ;  ;                    ;       17436;TERRENO S BAR       ;TV  ERICO VERISSIMO               16    ;CANTO DO MAR        ;SAO SEBASTIAO       ;  109;505276;VENDA      ;    184,25;00:00;00:00;                 
0001;   109;         ;  ;                    ;       17451;RAFAELA BORGES      ;R   ANTONIO DE SOUZA SANTOS       93    ;PEGORELLI           ;CARAGUATATUBA       ;  109;505359;VENDA      ;    131,68;00:00;00:00;                 
0001;   109;         ;  ;                    ;       17816;JHONNY OLIVEIRA     ;AV  MANOEL TEIXEIRA               786   ;SAO FRANCISCO DA PRA;SAO SEBASTIAO       ;  109;505031;VENDA      ;    131,48;00:00;00:00;                 
0001;   109;         ;  ;                    ;       18382;VINICIUS NAGAO      ;R   EXPEDICIONARIOS BRASILEIRO    260   ;CENTRO              ;SAO SEBASTIAO       ;  109;505389;VENDA      ;     68,79;00:00;00:00;                 
0001;   109;         ;  ;                    ;       18397;MARUJOS             ;AV  DOUTOR MANOEL HIPOLITO DO REGO2909  ;PORTAL DA OLARIA    ;SAO SEBASTIAO       ;  109;505033;VENDA      ;    347,82;00:00;00:00;                 
0001;   109;         ;  ;                    ;       19595;CARLOS ALBERTO FREIT;R   EVARISTO DA VEIGA             226   ;BAREQUECABA         ;SAO SEBASTIAO       ;  109;505133;VENDA      ;     68,64;00:00;00:00;                 
0001;   109;         ;  ;                    ;       19595;CARLOS ALBERTO FREIT;R   EVARISTO DA VEIGA             226   ;BAREQUECABA         ;SAO SEBASTIAO       ;  109;505135;BONIFICACAO;      2,22;00:00;00:00;                 
0001;   109;         ;  ;                    ;       19612;EMPORIUM BEER       ;R   PERSEIS                       26    ;CANTO DO MAR        ;SAO SEBASTIAO       ;  109;505034;VENDA      ;     64,91;00:00;00:00;                 
0001;   109;         ;  ;                    ;       19612;EMPORIUM BEER       ;R   PERSEIS                       26    ;CANTO DO MAR        ;SAO SEBASTIAO       ;  109;505139;VENDA      ;     14,56;00:00;00:00;                 
0001;   109;         ;  ;                    ;       19612;EMPORIUM BEER       ;R   PERSEIS                       26    ;CANTO DO MAR        ;SAO SEBASTIAO       ;  109;505140;BONIFICACAO;      6,74;00:00;00:00;                 
0001;   109;         ;  ;                    ;       19681;65.447.855 JOAO VICT;R   CARREADOR DA ENSEADA          265   ;JARAGUA             ;SAO SEBASTIAO       ;  109;505232;VENDA      ;     80,12;00:00;00:00;                 
0001;   109;         ;  ;                    ;       19700;ROSA DE SOUZA       ;R   Rua Maximiliano Quintino dos S69    ;PRAIA DA ENSEADA    ;SAO SEBASTIAO       ;  109;505153;VENDA      ;     80,99;00:00;00:00;                 
0001;   110;         ;  ;                    ;        2457;CAMPING DO CACAU    ;R   SILVERIO NUNES DOS PASSOS     300   ;P. DO SANTIAGO      ;SAO SEBASTIAO       ;  110;505027;VENDA      ;    104,10;00:00;00:00;                 
0001;   110;         ;  ;                    ;        9562;NORI SUSHI          ;AV  DOUTOR ALTINO ARANTES         258   ;CENTRO              ;SAO SEBASTIAO       ;  110;505331;VENDA      ;     89,70;00:00;00:00;                 
0001;   110;         ;  ;                    ;       11818;S5 - CAPITAN CHOPP  ;R   DOUTOR ALTINO ARANTES         290   ;CENTRO              ;SAO SEBASTIAO       ;  110;505028;VENDA      ;    119,06;00:00;00:00;                 
0001;   110;         ;  ;                    ;       15623;QUIOSQUE JUNDIAI    ;R   IVAIR DE AZEVEDO MARQUES      355   ;BAREQUECABA         ;SAO SEBASTIAO       ;  110;505217;VENDA      ;     64,22;00:00;00:00;                 
0001;   110;         ;  ;                    ;       15623;QUIOSQUE JUNDIAI    ;R   IVAIR DE AZEVEDO MARQUES      355   ;BAREQUECABA         ;SAO SEBASTIAO       ;  110;505218;BONIFICACAO;     14,45;00:00;00:00;                 
0001;   110;         ;  ;                    ;       16294;DUKE BEACH HOTEL    ;AV  DOUTOR FRANCISCO LOUP         539   ;MARESIAS            ;SAO SEBASTIAO       ;  110;505224;VENDA      ;    116,10;00:00;00:00;                 
0001;   110;         ;  ;                    ;       16365;TONHAO DELIVERY     ;R   CORDOVIL MOREIRA              52    ;CENTRO              ;SAO SEBASTIAO       ;  110;505030;VENDA      ;    340,49;00:00;00:00;                 
0001;   110;         ;  ;                    ;       18814;VILLA DA PRAIA BAR E;AV  PATRIARCA ANTONIO JOSE MARQUES330   ;CAMBURI             ;SAO SEBASTIAO       ;  110;505032;VENDA      ;     64,80;00:00;00:00;                 
0001;   110;         ;  ;                    ;       19185;FAMILIA RESTAURANTE ;AV  DOUTOR ALTINO ARANTES         52/58 ;CENTRO              ;SAO SEBASTIAO       ;  110;505295;VENDA      ;    232,81;00:00;00:00;                 
0001;   110;         ;  ;                    ;       19589;BEACH BAR           ;R   BETIM                         319   ;PAUBA               ;SAO SEBASTIAO       ;  110;505245;VENDA      ;    158,99;00:00;00:00;                 
0001;   201;         ;  ;                    ;         685;POSTO PEROLA UBATUBA;PC  13 DE MAIO                    71    ;CENTRO              ;UBATUBA             ;  201;505035;VENDA      ;     47,15;00:00;00:00;                 
0001;   201;         ;  ;                    ;         685;POSTO PEROLA UBATUBA;PC  13 DE MAIO                    71    ;CENTRO              ;UBATUBA             ;  201;505036;BONIFICACAO;     36,55;00:00;00:00;                 
0001;   201;         ;  ;                    ;         994;BAR E REST MAR AZUL ;R   GOV ABREU SODRE               177   ;PEREQUE ACU         ;UBATUBA             ;  201;505197;VENDA      ;     86,68;00:00;00:00;                 
0001;   201;         ;  ;                    ;         994;BAR E REST MAR AZUL ;R   GOV ABREU SODRE               177   ;PEREQUE ACU         ;UBATUBA             ;  201;505369;VENDA      ;     22,45;00:00;00:00;                 
0001;   201;         ;  ;                    ;        6329;S5 - QUIOSQUE ESTREL;R   GOVERNADOR ABREU SODRE        474   ;PEREQUE ACU         ;UBATUBA             ;  201;505356;VENDA      ;    141,40;00:00;00:00;                 
0001;   201;         ;  ;                    ;        6329;S5 - QUIOSQUE ESTREL;R   GOVERNADOR ABREU SODRE        474   ;PEREQUE ACU         ;UBATUBA             ;  201;505357;BONIFICACAO;      1,67;00:00;00:00;                 
0001;   201;         ;  ;                    ;        6868;QUADRA BOLA SHOW    ;R   BR 101                        510   ;CENTRO              ;UBATUBA             ;  201;505344;VENDA      ;    537,46;00:00;00:00;                 
0001;   201;         ;  ;                    ;        7102;QUIOSQUE DO SASSA   ;AV  GOVERNADOR ABREU SODRE        146   ;PEREQUE ACU         ;UBATUBA             ;  201;505206;VENDA      ;    386,91;00:00;00:00;                 
0001;   201;         ;  ;                    ;        7853;INTEGRALE           ;R   DR ESTEVES DA SILVA           360   ;CENTRO              ;UBATUBA             ;  201;505037;VENDA      ;     33,65;00:00;00:00;                 
0001;   201;         ;  ;                    ;        9069;QUIOSQUE ATALAIA    ;R   GOVERNADOR ABREU SODRE        1098  ;PEREQUE             ;UBATUBA             ;  201;505348;VENDA      ;    104,62;00:00;00:00;                 
0001;   201;         ;  ;                    ;        9866;MAURO MOREIRA       ;R   BALTAZAR FORTES               4     ;CENTRO              ;UBATUBA             ;  201;505121;VENDA      ;    224,18;00:00;00:00;                 
0001;   201;         ;  ;                    ;       11516;S5 - QUIOSQUE BICHO ;R   GOVERNADOR ABREU SODRE        12    ;PEREQUE ACU         ;UBATUBA             ;  201;505166;VENDA      ;     91,17;00:00;00:00;                 
0001;   201;         ;  ;                    ;       16044;ESPETO 1            ;R   MARANHAO                      220   ;CENTRO              ;UBATUBA             ;  201;505257;VENDA      ;     95,40;00:00;00:00;                 
0001;   201;         ;  ;                    ;       16196;ADEGA 1000 GRAU     ;R   MADAME JANINA                 77    ;PEREQUE ACU         ;UBATUBA             ;  201;505352;VENDA      ;    112,32;00:00;00:00;                 
0001;   201;         ;  ;                    ;       16286;ADEGA PRINCIPAL     ;R   PADRE MANOEL DA NOBREGA       2029  ;CENTRO              ;UBATUBA             ;  201;505198;VENDA      ;    179,05;00:00;00:00;                 
0001;   201;         ;  ;                    ;       17184;FARMACIA REDE NOVA  ;R   GUARANI                       345   ;ITAGUA              ;UBATUBA             ;  201;505038;VENDA      ;    138,88;00:00;00:00;                 
0001;   201;         ;  ;                    ;       18757;BRUNO MANTOVANI     ;R   MADAME JANINA                 17    ;PEREQUE ACU         ;UBATUBA             ;  201;505334;VENDA      ;    105,50;00:00;00:00;                 
0001;   201;         ;  ;                    ;       19258;35.825.202 PAULA DA ;R   Josias Ramos Nogueira         34    ;JARDIM UBATUBA      ;UBATUBA             ;  201;505039;VENDA      ;     53,12;00:00;00:00;                 
0001;   201;         ;  ;                    ;       19671;RESTAURANTE DODIS PE;R   Rua Padre Manoel da Nobrega   274   ;PEREQUE-ACU         ;UBATUBA             ;  201;505371;VENDA      ;     40,91;00:00;00:00;                 
0001;   201;         ;  ;                    ;       58607;BAR NAKAMURA        ;R   BALTAZAR FORTES               12    ;CENTRO              ;UBATUBA             ;  201;505123;VENDA      ;    287,32;00:00;00:00;                 
0001;   201;         ;  ;                    ;       59026;BEN TEN             ;R   DOUTOR FELIX GUISARD FILHO    60    ;CENTRO              ;UBATUBA             ;  201;505226;VENDA      ;     52,06;00:00;00:00;                 
0001;   202;         ;  ;                    ;         486;PASTELARIA ASSAHI   ;R   MARGINAL                      169   ;PRAIA GRANDE        ;UBATUBA             ;  202;505278;VENDA      ;     21,18;00:00;00:00;                 
0001;   202;         ;  ;                    ;         486;PASTELARIA ASSAHI   ;R   MARGINAL                      169   ;PRAIA GRANDE        ;UBATUBA             ;  202;505292;VENDA      ;      6,36;00:00;00:00;                 
0001;   202;         ;  ;                    ;         492;PILEKINHOS          ;AV  ARMANDO B. PEREIRA            125   ;PRAIA GRANDE        ;UBATUBA             ;  202;505209;VENDA      ;    234,15;00:00;00:00;                 
0001;   202;         ;  ;                    ;         624;S5 - PONTO DE ENCONT;R   CONSTANTE LUCIO DE SOUZA      151   ;ITAGUA              ;UBATUBA             ;  202;505160;VENDA      ;    486,72;00:00;00:00;                 
0001;   202;         ;  ;                    ;         624;S5 - PONTO DE ENCONT;R   CONSTANTE LUCIO DE SOUZA      151   ;ITAGUA              ;UBATUBA             ;  202;505161;VENDA      ;      6,36;00:00;00:00;                 
0001;   202;         ;  ;                    ;        2475;S5 - A PETECA LANCHE;R   Armando de Barros Pereira     85    ;PRAIA GRANDE        ;UBATUBA             ;  202;505370;VENDA      ;    257,99;00:00;00:00;                 
0001;   202;         ;  ;                    ;        2873;QUIOQUE AREIA SEREIA;AV  FRANKLIN TOLEDO PIZZA         648   ;TENORIO             ;UBATUBA             ;  202;505040;VENDA      ;     90,88;00:00;00:00;                 
0001;   202;         ;  ;                    ;        2873;QUIOQUE AREIA SEREIA;AV  FRANKLIN TOLEDO PIZZA         648   ;TENORIO             ;UBATUBA             ;  202;505138;VENDA      ;     15,86;00:00;00:00;                 
0001;   202;         ;  ;                    ;        2873;QUIOQUE AREIA SEREIA;AV  FRANKLIN TOLEDO PIZZA         648   ;TENORIO             ;UBATUBA             ;  202;505041;BONIFICACAO;      2,22;00:00;00:00;                 
0001;   202;         ;  ;                    ;        5279;QUIOSQUE ARCA DE NOE;AV  MARGINAL PRAIA GRANDE         95    ;PRAIA GRANDE        ;UBATUBA             ;  202;505168;VENDA      ;     49,60;00:00;00:00;                 
0001;   202;         ;  ;                    ;        5279;QUIOSQUE ARCA DE NOE;AV  MARGINAL PRAIA GRANDE         95    ;PRAIA GRANDE        ;UBATUBA             ;  202;505169;BONIFICACAO;      4,49;00:00;00:00;                 
0001;   202;         ;  ;                    ;        6829;BAR DO ADILSON      ;R   MARGINAL                      35    ;ITAGUA              ;UBATUBA             ;  202;505248;VENDA      ;    697,47;00:00;00:00;                 
0001;   202;         ;  ;                    ;        8883;CANTINHO DA CLEMILTA;R   MARACANA                      312   ;ESTUFA2             ;UBATUBA             ;  202;505239;VENDA      ;    278,37;00:00;00:00;                 
0001;   202;         ;  ;                    ;        8883;CANTINHO DA CLEMILTA;R   MARACANA                      312   ;ESTUFA2             ;UBATUBA             ;  202;505250;VENDA      ;      6,36;00:00;00:00;                 
0001;   202;         ;  ;                    ;        8883;CANTINHO DA CLEMILTA;R   MARACANA                      312   ;ESTUFA2             ;UBATUBA             ;  202;505241;BONIFICACAO;     11,10;00:00;00:00;                 
0001;   202;         ;  ;                    ;       10021;S5 - BAR DA ESQUINA ;R   CORINTHIANS                   68    ;ESTUFA II           ;UBATUBA             ;  202;505390;VENDA      ;    408,86;00:00;00:00;                 
0001;   202;         ;  ;                    ;       10021;S5 - BAR DA ESQUINA ;R   CORINTHIANS                   68    ;ESTUFA II           ;UBATUBA             ;  202;505391;BONIFICACAO;      2,32;00:00;00:00;                 
0001;   202;         ;  ;                    ;       10868;QUIOSQUE BANZE LANCH;AV  ARMANDO DE B PEREIRA          10    ;PRAIA GRANDE        ;UBATUBA             ;  202;505213;VENDA      ;    344,84;00:00;00:00;                 
0001;   202;         ;  ;                    ;       10868;QUIOSQUE BANZE LANCH;AV  ARMANDO DE B PEREIRA          10    ;PRAIA GRANDE        ;UBATUBA             ;  202;505214;BONIFICACAO;      7,50;00:00;00:00;                 
0001;   202;         ;  ;                    ;       17016;KIOSK FESTA DO SOL  ;R   STELLA                        218   ;TENORIO             ;UBATUBA             ;  202;505220;VENDA      ;    102,88;00:00;00:00;                 
0001;   202;         ;  ;                    ;       17159;S5 - MAR MINAS IMPOR;R   Vereador Benedito da Cunha Bue68    ;ITAGUA              ;UBATUBA             ;  202;505280;VENDA      ;    121,06;00:00;00:00;                 
0001;   202;         ;  ;                    ;       17159;S5 - MAR MINAS IMPOR;R   Vereador Benedito da Cunha Bue68    ;ITAGUA              ;UBATUBA             ;  202;505336;VENDA      ;      6,36;00:00;00:00;                 
0001;   202;         ;  ;                    ;       17159;S5 - MAR MINAS IMPOR;R   Vereador Benedito da Cunha Bue68    ;ITAGUA              ;UBATUBA             ;  202;505281;BONIFICACAO;    134,70;00:00;00:00;                 
0001;   202;         ;  ;                    ;       17364;MRL HOTEIS UBATUBA  ;AV  PROFESSOR CHICO SANTOS        333   ;BARRA DA LAGOA      ;UBATUBA             ;  202;505043;VENDA      ;     36,21;00:00;00:00;                 
0001;   202;         ;  ;                    ;       17580;ADEGA SAO PAULO     ;AV  SAO PAULO                     251   ;ESTUFA 2            ;UBATUBA             ;  202;505044;VENDA      ;     94,19;00:00;00:00;                 
0001;   202;         ;  ;                    ;       17580;ADEGA SAO PAULO     ;AV  SAO PAULO                     251   ;ESTUFA 2            ;UBATUBA             ;  202;505045;VENDA      ;     18,41;00:00;00:00;                 
0001;   202;         ;  ;                    ;       17580;ADEGA SAO PAULO     ;AV  SAO PAULO                     251   ;ESTUFA 2            ;UBATUBA             ;  202;505188;VENDA      ;      6,36;00:00;00:00;                 
0001;   202;         ;  ;                    ;       18265;ADEGA R T           ;R   IRENE                         138   ;ACARAÚ              ;UBATUBA             ;  202;505163;VENDA      ;    342,83;00:00;00:00;                 
0001;   202;         ;  ;                    ;       19226;ADEGA DO LUKINHAS 2 ;R   ARI VIEIRA                    404   ;ESTUFA II           ;UBATUBA             ;  202;505046;VENDA      ;    547,77;00:00;00:00;                 
0001;   202;         ;  ;                    ;       19226;ADEGA DO LUKINHAS 2 ;R   ARI VIEIRA                    404   ;ESTUFA II           ;UBATUBA             ;  202;505263;VENDA      ;      6,36;00:00;00:00;                 
0001;   203;         ;  ;                    ;         500;QUIOSQUE ASA BRANCA ;R   ARMANDO B. PEREIRA 16         16    ;PRAIA GRANDE        ;UBATUBA             ;  203;505148;VENDA      ;    168,34;00:00;00:00;                 
0001;   203;         ;  ;                    ;         507;QUIOS. PEROLA DO MAR;R   ARMANDO B. PEREIRA            23    ;PRAIA GRANDE        ;UBATUBA             ;  203;505317;VENDA      ;    120,00;00:00;00:00;                 
0001;   203;         ;  ;                    ;         510;DECK 26             ;R   ARMANDO B. PEREIRA            26    ;PRAIA GRANDE        ;UBATUBA             ;  203;505131;VENDA      ;    108,46;00:00;00:00;                 
0001;   203;         ;  ;                    ;         523;KIOS.PONTO ENCONTRO ;R   WILLY AURELY                  1232  ;TONINHAS            ;UBATUBA             ;  203;505337;VENDA      ;     79,70;00:00;00:00;                 
0001;   203;         ;  ;                    ;         523;KIOS.PONTO ENCONTRO ;R   WILLY AURELY                  1232  ;TONINHAS            ;UBATUBA             ;  203;505339;BONIFICACAO;      4,60;00:00;00:00;                 
0001;   203;         ;  ;                    ;        3659;ELIZETE             ;R   JULIAO SILVA DA CRUZ          58    ;PEREQUE MIRIM       ;UBATUBA             ;  203;505048;VENDA      ;    182,45;00:00;00:00;                 
0001;   203;         ;  ;                    ;        7378;BAR PICA PAU        ;R   ARMANDO B PEREIRA             645   ;PRAIA GRANDE        ;UBATUBA             ;  203;505152;VENDA      ;    170,58;00:00;00:00;                 
0001;   203;         ;  ;                    ;        7378;BAR PICA PAU        ;R   ARMANDO B PEREIRA             645   ;PRAIA GRANDE        ;UBATUBA             ;  203;505170;VENDA      ;     26,80;00:00;00:00;                 
0001;   203;         ;  ;                    ;        7378;BAR PICA PAU        ;R   ARMANDO B PEREIRA             645   ;PRAIA GRANDE        ;UBATUBA             ;  203;505175;VENDA      ;      7,89;00:00;00:00;                 
0001;   203;         ;  ;                    ;        7433;PONTO CHIKI         ;R   ARMANDO DE BARROS PEREIRA     331   ;PRAIA GRANDE        ;UBATUBA             ;  203;505191;VENDA      ;     52,98;00:00;00:00;                 
0001;   203;         ;  ;                    ;        7437;S5 - QUIOSQUE 5 ESTR;R   ARMANDO DE BARROS PEREIRA     517   ;PRAIA GRANDE        ;UBATUBA             ;  203;505233;VENDA      ;    226,42;00:00;00:00;                 
0001;   203;         ;  ;                    ;       11110;BAR DO CEARA        ;R   LUIZ ANA                      28    ;ENSEADA PEREQUE MIRI;UBATUBA             ;  203;505398;VENDA      ;     84,40;00:00;00:00;                 
0001;   203;         ;  ;                    ;       15827;ADEGA DO LUKINHAS   ;R   MEXICO                        294   ;TONINHAS            ;UBATUBA             ;  203;505322;VENDA      ;    272,66;00:00;00:00;                 
0001;   203;         ;  ;                    ;       16991;BONA ONDA           ;AV  ARMANDO BARROS PEREIRA        795   ;PRAIA GRANDE        ;UBATUBA             ;  203;505122;VENDA      ;     39,32;00:00;00:00;                 
0001;   203;         ;  ;                    ;       17080;S5 - PORTO BAR      ;R   ATLANTICA ESQUINA COM A RUA WI220   ;PRAIA GRANDE        ;UBATUBA             ;  203;505383;VENDA      ;     73,57;00:00;00:00;                 
0001;   203;         ;  ;                    ;       17535;DOUGLAS NUNES       ;EST ESTRADA DO PALHAL             1349  ;PEREQUE MIRIM       ;UBATUBA             ;  203;505335;VENDA      ;    153,23;00:00;00:00;                 
0001;   203;         ;  ;                    ;       17919;BAPE RESTAURANTE    ;AV  ARMANDO DE BARROS PEREIRA     994   ;PRAIA GRANDE        ;UBATUBA             ;  203;505312;VENDA      ;     99,32;00:00;00:00;                 
0001;   203;         ;  ;                    ;       18028;VILA JACAA          ;R   ANALDINA DE JESUS             84    ;ENSEADA             ;UBATUBA             ;  203;505049;VENDA      ;     68,75;00:00;00:00;                 
0001;   203;         ;  ;                    ;       18290;PARADOR 10 BAR      ;R   SANTA MONICA                  5     ;TONINHAS            ;UBATUBA             ;  203;505052;VENDA      ;    140,22;00:00;00:00;                 
0001;   203;         ;  ;                    ;       19179;A B COM. CARNES     ;AV  MARGINAL                      2285  ;PEREQUE MIRIM       ;UBATUBA             ;  203;505053;VENDA      ;     55,84;00:00;00:00;                 
0001;   204;         ;  ;                    ;         471;BREK E PARE         ;AV  GOVERNADOR ABREU SODRE        1162  ;PEREQUE-ACU         ;UBATUBA             ;  204;505279;VENDA      ;    146,05;00:00;00:00;                 
0001;   204;         ;  ;                    ;         482;S5 - RECANTO DO JAPA;R   GOVERNADOR ABREU SODRE        54    ;PEREQUE             ;UBATUBA             ;  204;505167;VENDA      ;    180,90;00:00;00:00;                 
0001;   204;         ;  ;                    ;         495;S5 - KAIAMBA DRINKS ;R   Armando de Barros Pereira     11    ;PRAIA GRANDE        ;UBATUBA             ;  204;505158;VENDA      ;     13,26;00:00;00:00;                 
0001;   204;         ;  ;                    ;         495;S5 - KAIAMBA DRINKS ;R   Armando de Barros Pereira     11    ;PRAIA GRANDE        ;UBATUBA             ;  204;505256;VENDA      ;    483,29;00:00;00:00;                 
0001;   204;         ;  ;                    ;         595;PORTO DI MARE       ;R   DO PEQUENO                    25    ;ENSEADA             ;UBATUBA             ;  204;505293;VENDA      ;    152,56;00:00;00:00;                 
0001;   204;         ;  ;                    ;        3174;PAD PAO DA PRAIA    ;R   MARECHAL PILSUDSKY            30    ;PEREQUE ACU         ;UBATUBA             ;  204;505047;VENDA      ;    239,11;00:00;00:00;                 
0001;   204;         ;  ;                    ;        3174;PAD PAO DA PRAIA    ;R   MARECHAL PILSUDSKY            30    ;PEREQUE ACU         ;UBATUBA             ;  204;505050;BONIFICACAO;     12,96;00:00;00:00;                 
0001;   204;         ;  ;                    ;        3250;S5 - RESTAURANTE ALF;R   Leovigildo Dias Vieira        1032  ;ITAGUA              ;UBATUBA             ;  204;505326;VENDA      ;     66,66;00:00;00:00;                 
0001;   204;         ;  ;                    ;        5013;S5 - RAIZES CHOP. RE;R   Leovigildo Dias Vieira        1280  ;ITAGUA              ;UBATUBA             ;  204;505051;VENDA      ;    550,80;00:00;00:00;                 
0001;   204;         ;  ;                    ;        5013;S5 - RAIZES CHOP. RE;R   Leovigildo Dias Vieira        1280  ;ITAGUA              ;UBATUBA             ;  204;505333;VENDA      ;    145,19;00:00;00:00;                 
0001;   204;         ;  ;                    ;        6176;QUIOSQUE SG         ;R   WILLY AURELY                  1125  ;P.TONINHAS          ;UBATUBA             ;  204;505142;VENDA      ;    182,57;00:00;00:00;                 
0001;   204;         ;  ;                    ;        6176;QUIOSQUE SG         ;R   WILLY AURELY                  1125  ;P.TONINHAS          ;UBATUBA             ;  204;505143;BONIFICACAO;     14,40;00:00;00:00;                 
0001;   204;         ;  ;                    ;        6679;S5 - ESPACO VERAO   ;R   ARMANDO DE BARROS PEREIRA     349   ;PRAIA GRANDE        ;UBATUBA             ;  204;505054;VENDA      ;    245,75;00:00;00:00;                 
0001;   204;         ;  ;                    ;        8819;RECANTO DO BETAO    ;R   TONINHAS                      200   ;TONINHAS            ;UBATUBA             ;  204;505319;VENDA      ;     67,38;00:00;00:00;                 
0001;   204;         ;  ;                    ;        9134;PANTAI KIOSK BAR    ;R   ARMANDO DE BARROS PEREIRA     387   ;PRAIA GRANDE        ;UBATUBA             ;  204;505193;VENDA      ;    133,81;00:00;00:00;                 
0001;   204;         ;  ;                    ;        9134;PANTAI KIOSK BAR    ;R   ARMANDO DE BARROS PEREIRA     387   ;PRAIA GRANDE        ;UBATUBA             ;  204;505194;BONIFICACAO;    259,70;00:00;00:00;                 
0001;   204;         ;  ;                    ;       10850;QUIOSQUE CARUMBE    ;PR  PRAIA DAS TONINHAS            466   ;TONINHAS            ;UBATUBA             ;  204;505387;VENDA      ;     60,78;00:00;00:00;                 
0001;   204;         ;  ;                    ;       11158;VILLA D ALDEA BAR E ;PR  PRAIA ENSEADA                 400   ;ENSEADA PEREQUE MIRI;UBATUBA             ;  204;505298;VENDA      ;     80,90;00:00;00:00;                 
0001;   204;         ;  ;                    ;       11366;QUIOSQUE WILSON     ;R   FRANKLIN DE TOLEDO PIZZA      931   ;PRAIA VERMELHA      ;UBATUBA             ;  204;505055;VENDA      ;     77,70;00:00;00:00;                 
0001;   204;         ;  ;                    ;       12609;JARDIM RESTAURANTE  ;AV  LEOVIGILDO DIAS VIEIRA        262   ;ITAGUA              ;UBATUBA             ;  204;505056;VENDA      ;     64,02;00:00;00:00;                 
0001;   204;         ;  ;                    ;       12614;ZE - ADEGA IMPERIAL ;R   GUAICURUS                     350   ;CENTRO              ;UBATUBA             ;  204;505310;VENDA      ;   1432,18;00:00;00:00;                 
0001;   204;         ;  ;                    ;       13131;REST VARANDA        ;AV  MARGINAL                      900   ;ENSEADA             ;UBATUBA             ;  204;505199;VENDA      ;    389,00;00:00;00:00;                 
0001;   204;         ;  ;                    ;       16128;MERCADO SERRA VERDE ;AV  PADRE MANOEL DA NOBREGA       84    ;PEREQUE ACU         ;UBATUBA             ;  204;505057;VENDA      ;    103,25;00:00;00:00;                 
0001;   204;         ;  ;                    ;       18174;RESTAURANTE SR MARI ;R   GOES                          20    ;ENSEADA             ;UBATUBA             ;  204;505353;VENDA      ;      4,52;00:00;00:00;                 
0001;   204;         ;  ;                    ;       18174;RESTAURANTE SR MARI ;R   GOES                          20    ;ENSEADA             ;UBATUBA             ;  204;505271;VENDA      ;     41,25;00:00;00:00;                 
0001;   204;         ;  ;                    ;       18174;RESTAURANTE SR MARI ;R   GOES                          20    ;ENSEADA             ;UBATUBA             ;  204;505272;BONIFICACAO;      2,40;00:00;00:00;                 
0001;   204;         ;  ;                    ;       18675;SOLAR DE MINAS SOLAR;R   ALCATRAZ                      225   ;PRAIA GRANDE        ;UBATUBA             ;  204;505058;VENDA      ;     53,35;00:00;00:00;                 
0001;   204;         ;  ;                    ;       18686;VRT                 ;R   das Toninhas                  87    ;TONINHAS            ;UBATUBA             ;  204;505242;VENDA      ;    130,90;00:00;00:00;                 
0001;   204;         ;  ;                    ;       19203;HANS STADEN         ;R   Bobo Tomé (Gleba Dois Mares)  805   ;LAZARO PRAIA DOMINGO;UBATUBA             ;  204;505302;VENDA      ;     42,19;00:00;00:00;                 
0001;   204;         ;  ;                    ;       19443;PADARIA DONA NEIA   ;R   FREDERICO CHOPIN              11    ;PEREQUE-ACU         ;UBATUBA             ;  204;505059;VENDA      ;     82,58;00:00;00:00;                 
0001;   204;         ;  ;                    ;       56610;BAR PEREZ           ;R   ANTONIO PEREZ                 295   ;LAZARO              ;UBATUBA             ;  204;505215;VENDA      ;     56,29;00:00;00:00;                 
0001;   204;         ;  ;                    ;       56610;BAR PEREZ           ;R   ANTONIO PEREZ                 295   ;LAZARO              ;UBATUBA             ;  204;505216;BONIFICACAO;     42,89;00:00;00:00;                 
0001;   204;         ;  ;                    ;       56682;REPETECO            ;AV  ATLANTICA                     240   ;PRAIA GRANDE        ;UBATUBA             ;  204;505177;VENDA      ;    108,98;00:00;00:00;                 
0001;   205;         ;  ;                    ;        1746;BOUTIQUE DO PAO     ;R   DR ALDINO SCHIAVI             517   ;MARTIM DE SA        ;CARAGUATATUBA       ;  205;505174;VENDA      ;     70,59;00:00;00:00;                 
0001;   205;         ;  ;                    ;        6852;LANCHONETE REGINALDO;R   PEDRO JANUARIO LEITE          73    ;JARDIM OLARIA       ;CARAGUATATUBA       ;  205;505060;VENDA      ;    319,25;00:00;00:00;                 
0001;   205;         ;  ;                    ;        8068;PADARIA IPIRANGA    ;R   APARECIDA DO NORTE            110   ;SUMARE              ;CARAGUATATUBA       ;  205;505061;VENDA      ;    217,83;00:00;00:00;                 
0001;   205;         ;  ;                    ;        8068;PADARIA IPIRANGA    ;R   APARECIDA DO NORTE            110   ;SUMARE              ;CARAGUATATUBA       ;  205;505063;BONIFICACAO;     30,72;00:00;00:00;                 
0001;   205;         ;  ;                    ;       11613;MERCADINHO VITORIA  ;R   CINCO                         12    ;JARDIM SANTA ROSA   ;CARAGUATATUBA       ;  205;505366;VENDA      ;     77,13;00:00;00:00;                 
0001;   205;         ;  ;                    ;       11947;ESTACAO MASSAGUACU  ;AV  MARIA DE LOURDES DA SILVA KFOU11    ;BALNEARIO COPACABANA;CARAGUATATUBA       ;  205;505065;VENDA      ;     54,10;00:00;00:00;                 
0001;   205;         ;  ;                    ;       17709;DISK AGUA MARTINS DE;AV  IRINEU MENDES DE SOUZA        893   ;MARTIM DE SA        ;CARAGUATATUBA       ;  205;505212;VENDA      ;    218,21;00:00;00:00;                 
0001;   205;         ;  ;                    ;       18578;QUIOSQUE DA CORUJA A;ROD CARAGUA                       S/N   ;MASSAGUACU          ;CARAGUATATUBA       ;  205;505127;VENDA      ;     77,70;00:00;00:00;                 
0001;   205;         ;  ;                    ;       58619;HADASSA MINIZINE    ;R   ITOUE IOCHIMOTO               15    ;GETUBA              ;CARAGUATATUBA       ;  205;505162;VENDA      ;    501,87;00:00;00:00;                 
0001;   206;         ;  ;                    ;         702;PASTELARIA PRAIAMAR ;PC  CANDIDO MOTA                  168   ;CENTRO              ;CARAGUATATUBA       ;  206;505130;VENDA      ;     86,85;00:00;00:00;                 
0001;   206;         ;  ;                    ;         954;NHACK PASTEIS       ;R   ALTINO ARANTES                396   ;CENTRO              ;CARAGUATATUBA       ;  206;505365;VENDA      ;     46,25;00:00;00:00;                 
0001;   206;         ;  ;                    ;        2050;OCEAN S BAR         ;R   SANTA CRUZ                    80    ;CENTRO              ;CARAGUATATUBA       ;  206;505290;VENDA      ;     74,25;00:00;00:00;                 
0001;   206;         ;  ;                    ;        6168;MERCADINHO SUMARE   ;AV  SIQUEIRA CAMPOS               1016  ;SUMARE              ;CARAGUATATUBA       ;  206;505062;VENDA      ;     98,42;00:00;00:00;                 
0001;   206;         ;  ;                    ;        9763;MIKELETTOS BAR      ;R   BONIFACIO DE FREITAS          127   ;CENTRO              ;CARAGUATATUBA       ;  206;505342;VENDA      ;     97,94;00:00;00:00;                 
0001;   206;         ;  ;                    ;       17729;S5 - BAR DO HELIO   ;AV  PRESIDENTE CASTELO BRANCO     207   ;BALNEARIO FOREST    ;CARAGUATATUBA       ;  206;505064;VENDA      ;     73,71;00:00;00:00;                 
0001;   206;         ;  ;                    ;       19672;ANTONIO DOS SANTOS  ;R   INACIO BATISTA DE FARIA       1725  ;BALNEARIO MAR AZUL  ;CARAGUATATUBA       ;  206;505225;VENDA      ;    388,50;00:00;00:00;                 
0001;   206;         ;  ;                    ;       19672;ANTONIO DOS SANTOS  ;R   INACIO BATISTA DE FARIA       1725  ;BALNEARIO MAR AZUL  ;CARAGUATATUBA       ;  206;505386;VENDA      ;     17,45;00:00;00:00;                 
0001;   207;         ;  ;                    ;         254;S5 - QUIOSQUE PRAINH;R   T                             90    ;PRAINHA             ;CARAGUATATUBA       ;  207;505118;VENDA      ;    245,09;00:00;00:00;                 
0001;   207;         ;  ;                    ;        6592;QUIOSQUE DOM QUIXOTE;AV  ARTHUR COSTA FILHO            22    ;CENTRO              ;CARAGUATATUBA       ;  207;505134;VENDA      ;    132,52;00:00;00:00;                 
0001;   207;         ;  ;                    ;        6747;CHAPINHA            ;AV  ARTHUR COSTA FILHO            2251  ;SUMARE              ;CARAGUATATUBA       ;  207;505338;VENDA      ;    566,30;00:00;00:00;                 
0001;   207;         ;  ;                    ;        7727;QUIOSQUE DA JOANA   ;AV  ARTHUR COSTA FILHO            2280  ;CENTRO              ;CARAGUATATUBA       ;  207;505186;VENDA      ;    461,03;00:00;00:00;                 
0001;   207;         ;  ;                    ;        7727;QUIOSQUE DA JOANA   ;AV  ARTHUR COSTA FILHO            2280  ;CENTRO              ;CARAGUATATUBA       ;  207;505187;BONIFICACAO;    111,20;00:00;00:00;                 
0001;   207;         ;  ;                    ;        8402;QUIOSQUE PONTO 6    ;AV  DOUTOR ALDINO SCHIAVE         1206  ;MARTIM DE SA        ;CARAGUATATUBA       ;  207;505200;VENDA      ;    761,48;00:00;00:00;                 
0001;   207;         ;  ;                    ;        9778;CARAGUA ROCK BAR    ;R   DOUTOR PAUL HARRIS            60    ;CENTRO              ;CARAGUATATUBA       ;  207;505066;VENDA      ;     51,47;00:00;00:00;                 
0001;   207;         ;  ;                    ;        9778;CARAGUA ROCK BAR    ;R   DOUTOR PAUL HARRIS            60    ;CENTRO              ;CARAGUATATUBA       ;  207;505201;VENDA      ;     27,30;00:00;00:00;                 
0001;   207;         ;  ;                    ;       10687;SURFS               ;AV  ANCHIETA                      931   ;CENTRO              ;CARAGUATATUBA       ;  207;505067;VENDA      ;    654,23;00:00;00:00;                 
0001;   207;         ;  ;                    ;       10728;REST CANTO DO MAR   ;AV  FIORAVANTE PASCHOALIM         102   ;MARTIM DE SA        ;CARAGUATATUBA       ;  207;505327;VENDA      ;     64,76;00:00;00:00;                 
0001;   207;         ;  ;                    ;       10778;S5 - MAR E TERRA RES;R   CARAGUA - UBATUBA 897         897   ;MASSAGUACU          ;CARAGUATATUBA       ;  207;505258;VENDA      ;    125,52;00:00;00:00;                 
0001;   207;         ;  ;                    ;       12491;BOM PRATO           ;AV  PIAUI                         516   ;JARDIM PRIMAVERA    ;CARAGUATATUBA       ;  207;505262;VENDA      ;    165,29;00:00;00:00;                 
0001;   207;         ;  ;                    ;       16077;S5 - MAR E BRASA    ;AV  ARTHUR COSTA FILHO            937   ;CENTRO              ;CARAGUATATUBA       ;  207;505068;VENDA      ;    214,51;00:00;00:00;                 
0001;   207;         ;  ;                    ;       17767;O PEIXEIRO DE CARAGU;AV  ARTHUR COSTA FILHO            1999  ;CENTRO              ;CARAGUATATUBA       ;  207;505346;VENDA      ;   1231,70;00:00;00:00;                 
0001;   207;         ;  ;                    ;       17767;O PEIXEIRO DE CARAGU;AV  ARTHUR COSTA FILHO            1999  ;CENTRO              ;CARAGUATATUBA       ;  207;505376;VENDA      ;     64,00;00:00;00:00;                 
0001;   207;         ;  ;                    ;       18330;AYSU BEACH LOUNGE   ;AV  MARIA CARLOTA VILA MASSAGUACU 170   ;MASSAGUACU          ;CARAGUATATUBA       ;  207;505179;VENDA      ;   1217,48;00:00;00:00;                 
0001;   207;         ;  ;                    ;       19028;ESPETICHO BEACH HOUS;R   JOAO MANOEL DE OLIVEIRA       200   ;TABATINGA           ;CARAGUATATUBA       ;  207;505259;VENDA      ;     53,35;00:00;00:00;                 
0001;   207;         ;  ;                    ;       19173;O BRASEIRO          ;R   ENGENHEIRO JOAO FONSECA       173   ;CENTRO              ;CARAGUATATUBA       ;  207;505069;VENDA      ;    178,55;00:00;00:00;                 
0001;   401;         ;  ;                    ;        2310;COSTA SUL BEBIDAS   ;R   MANOEL FRANCISCO FERRO        3     ;BOICUCANGA          ;SAO SEBASTIAO       ;  401;505070;VENDA      ;    122,96;00:00;00:00;                 
0001;   401;         ;  ;                    ;        2310;COSTA SUL BEBIDAS   ;R   MANOEL FRANCISCO FERRO        3     ;BOICUCANGA          ;SAO SEBASTIAO       ;  401;505071;VENDA      ;    444,27;00:00;00:00;                 
0001;   401;         ;  ;                    ;        2310;COSTA SUL BEBIDAS   ;R   MANOEL FRANCISCO FERRO        3     ;BOICUCANGA          ;SAO SEBASTIAO       ;  401;505227;VENDA      ;     57,33;00:00;00:00;                 
0001;   401;         ;  ;                    ;       11708;MERCADO VITORIA     ;R   BRAGANCA PAULISTA             353   ;PAUBA               ;SAO SEBASTIAO       ;  401;505072;VENDA      ;    108,80;00:00;00:00;                 
0001;   401;         ;  ;                    ;       11847;ADEGA DO LEONE      ;EST DO CASCALHO                   1892  ;BOICUCANGA          ;SAO SEBASTIAO       ;  401;505297;VENDA      ;    328,63;00:00;00:00;                 
0001;   401;         ;  ;                    ;       11909;ADEGA EC            ;AV  WALKIR VERGANI                556   ;BOICUCANGA          ;SAO SEBASTIAO       ;  401;505247;VENDA      ;    383,15;00:00;00:00;                 
0001;   401;         ;  ;                    ;       13005;TANGARA REST E MERC ;AV  DOUTOR MANOEL HIPOLITO DO REGO1374  ;TOQUE-TOQUE PEQUENO ;SAO SEBASTIAO       ;  401;505073;VENDA      ;    359,33;00:00;00:00;                 
0001;   401;         ;  ;                    ;       13041;POR DO SOL          ;R   ONOFRE FRANCISCO DE OLIVEIRA  45    ;PAUBA               ;SAO SEBASTIAO       ;  401;505076;VENDA      ;     54,27;00:00;00:00;                 
0001;   401;         ;  ;                    ;       15603;ADEGA CHEGA MAIS    ;AV  WALKIR VERGANI                111   ;BOICUCANGA          ;SAO SEBASTIAO       ;  401;505229;VENDA      ;     42,72;00:00;00:00;                 
0001;   401;         ;  ;                    ;       15932;CHEGO LA - MERCARDO ;R   LUZIANA                       174   ;BOICUCANGA          ;SAO SEBASTIAO       ;  401;505181;VENDA      ;    298,75;00:00;00:00;                 
0001;   401;         ;  ;                    ;       15966;EMP. E ADEGA DA JUH ;R   BRAGANCA PAULISTA             277   ;PAUBA               ;SAO SEBASTIAO       ;  401;505077;VENDA      ;    171,90;00:00;00:00;                 
0001;   401;         ;  ;                    ;       15966;EMP. E ADEGA DA JUH ;R   BRAGANCA PAULISTA             277   ;PAUBA               ;SAO SEBASTIAO       ;  401;505081;BONIFICACAO;      3,24;00:00;00:00;                 
0001;   401;         ;  ;                    ;       16089;MERCADO QUERO QUERO ;EST DO CASCALHO                   1948  ;BOICUCANGA          ;SAO SEBASTIAO       ;  401;505251;VENDA      ;    356,32;00:00;00:00;                 
0001;   401;         ;  ;                    ;       16583;MERCEARIA DA BARREIR;R   JOSE INACIO CAMPELO           213   ;BAREQUECABA         ;SAO SEBASTIAO       ;  401;505083;VENDA      ;    441,00;00:00;00:00;                 
0001;   401;         ;  ;                    ;       18024;DEYSE DARA          ;AV  WALKIR VERGANI                441   ;BOICUCANGA          ;SAO SEBASTIAO       ;  401;505145;VENDA      ;    241,30;00:00;00:00;                 
0001;   401;         ;  ;                    ;       18024;DEYSE DARA          ;AV  WALKIR VERGANI                441   ;BOICUCANGA          ;SAO SEBASTIAO       ;  401;505155;VENDA      ;    168,00;00:00;00:00;                 
0001;   401;         ;  ;                    ;       18287;BOISSU CONVENIENCIA ;R   MANOEL MARCELINO DE MATTOS    1     ;BOICUCANGA          ;SAO SEBASTIAO       ;  401;505084;VENDA      ;    113,72;00:00;00:00;                 
0001;   401;         ;  ;                    ;       18652;ADEGA DO VAMP       ;EST BEIRA RIO                     170   ;BOICUCANGA          ;SAO SEBASTIAO       ;  401;505321;VENDA      ;    100,04;00:00;00:00;                 
0001;   402;         ;  ;                    ;          70;CASA DO CANTO       ;R   MANOEL TEIXEIRA               789   ;SAO FRANCISCO DA PRA;SAO SEBASTIAO       ;  402;505074;VENDA      ;    129,08;00:00;00:00;                 
0001;   402;         ;  ;                    ;        5511;MERCADINHO AIURUOCA ;R   PRINCESA IZABEL               1673  ;PEREQUE             ;ILHABELA            ;  402;505075;VENDA      ;    107,39;00:00;00:00;                 
0001;   402;         ;  ;                    ;        5511;MERCADINHO AIURUOCA ;R   PRINCESA IZABEL               1673  ;PEREQUE             ;ILHABELA            ;  402;505078;VENDA      ;      7,50;00:00;00:00;                 
0001;   402;         ;  ;                    ;        5511;MERCADINHO AIURUOCA ;R   PRINCESA IZABEL               1673  ;PEREQUE             ;ILHABELA            ;  402;505079;BONIFICACAO;     55,35;00:00;00:00;                 
0001;   402;         ;  ;                    ;       10808;LANCH E MERC ZICO   ;R   JOSE PACHECO DO NASCIMENTO    3345  ;SAO PEDRO           ;ILHABELA            ;  402;505294;VENDA      ;    274,68;00:00;00:00;                 
0001;   402;         ;  ;                    ;       11247;ARACATI CONVENIENCIA;R   DR CARVALHO                   128   ;VILA                ;ILHABELA            ;  402;505136;VENDA      ;    436,02;00:00;00:00;                 
0001;   402;         ;  ;                    ;       11335;ADEGA FENIX         ;AV  DOUTOR MANOEL HIPOLITO DO REGO2915  ;PORTAL DA OLARIA    ;SAO SEBASTIAO       ;  402;505204;VENDA      ;    404,70;00:00;00:00;                 
0001;   402;         ;  ;                    ;       11467;MERCADO TIDA        ;AV  CRISTOVAO DE BARROS           626   ;JARDIM BRASIL       ;CARAGUATATUBA       ;  402;505367;VENDA      ;     45,84;00:00;00:00;                 
0001;   402;         ;  ;                    ;       11501;ADEGA DO PADIM      ;R   PEDRO REGINALDO DA COSTA      65    ;LOTEAMENTO RIO MARIN;CARAGUATATUBA       ;  402;505183;VENDA      ;    927,70;00:00;00:00;                 
0001;   402;         ;  ;                    ;       11907;ADEGA DO LEO        ;R   ETHEL CINTIA DE MEDEIROS      280   ;TRAVESSAO           ;CARAGUATATUBA       ;  402;505154;VENDA      ;     65,89;00:00;00:00;                 
0001;   402;         ;  ;                    ;       16403;ADEGA DA MICA       ;R   SANTA TERESA                  20    ;VILA                ;ILHABELA            ;  402;505340;VENDA      ;    320,21;00:00;00:00;                 
0001;   402;         ;  ;                    ;       16434;BEBIDARIA CARVALHO  ;R   SAO PAULO                     118   ;PEREQUE             ;ILHABELA            ;  402;505362;VENDA      ;     50,06;00:00;00:00;                 
0001;   402;         ;  ;                    ;       16434;BEBIDARIA CARVALHO  ;R   SAO PAULO                     118   ;PEREQUE             ;ILHABELA            ;  402;505363;BONIFICACAO;     17,90;00:00;00:00;                 
0001;   402;         ;  ;                    ;       16455;MERCADO CEARA       ;AV  JOSE DA COSTA PINHEIRO JUNIOR 610   ;JARAGUA             ;CARAGUATATUBA       ;  402;505164;VENDA      ;   1670,40;00:00;00:00;                 
0001;   402;         ;  ;                    ;       16795;TONY ROCHA          ;AV  JOSE DA COSTA PINHEIRO        1333  ;TRAVESSAO           ;CARAGUATATUBA       ;  402;505165;VENDA      ;     87,24;00:00;00:00;                 
0001;   402;         ;  ;                    ;       17780;JULIANA RODRIGUES   ;R   ANTONIO ROSA DA SILVA         314   ;RIBEIRAO  CAMBAQUARA;ILHABELA            ;  402;505080;VENDA      ;    117,90;00:00;00:00;                 
0001;   402;         ;  ;                    ;       17994;BEBIDARIA CARVALHO  ;R   DA TOCA                       30    ;TOCA                ;ILHABELA            ;  402;505320;VENDA      ;    430,22;00:00;00:00;                 
0001;   402;         ;  ;                    ;       18034;MAMUTIS MERCADO     ;R   MANOEL DE PAULA               18    ;CIGARRAS            ;SAO SEBASTIAO       ;  402;505221;VENDA      ;    312,82;00:00;00:00;                 
0001;   402;         ;  ;                    ;       18219;RAFAREH TRANSPORTE  ;AV  DOMINGOS MARTINS CABRERA      1510  ;BALNEARIO RECANTO DO;CARAGUATATUBA       ;  402;505082;VENDA      ;     43,72;00:00;00:00;                 
0001;   402;         ;  ;                    ;       18260;MEIRINHO E GOMES COM;AV  JOSE HERCULANO                6326  ;BARRANCO ALTO       ;CARAGUATATUBA       ;  402;505085;VENDA      ;   1165,50;00:00;00:00;                 
0001;   402;         ;  ;                    ;       18475;DANIEL AQUILA       ;R   YOSHISO SHIBATA               90    ;JARAGUA             ;CARAGUATATUBA       ;  402;505385;VENDA      ;    103,77;00:00;00:00;                 
0001;   402;         ;  ;                    ;       18513;MERCADO FORTALEZAIII;R   AUGUSTO JOSE LEITE            119   ;MORRO DO ALGODAO    ;CARAGUATATUBA       ;  402;505086;VENDA      ;    952,27;00:00;00:00;                 
0001;   402;         ;  ;                    ;       18559;MERCADAO TRAVESSAO  ;AV  JOSE DA COSTA PINHEIRO JUNIOR 1980  ;JARAGUA             ;CARAGUATATUBA       ;  402;505093;VENDA      ;    554,13;00:00;00:00;                 
0001;   402;         ;  ;                    ;       18920;MERCADO KI BARATO   ;AV  RIACHUELO                     4043  ;PORTINHO  CAMBAQUARA;ILHABELA            ;  402;505393;VENDA      ;    296,38;00:00;00:00;                 
0001;   402;         ;  ;                    ;       59128;BLACK BEER          ;AV  JOSE DA COSTA PINHEIRO JUNIOR 1901  ;TRAVESSAO           ;CARAGUATATUBA       ;  402;505094;VENDA      ;    407,63;00:00;00:00;                 
0001;   402;         ;  ;                    ;       59128;BLACK BEER          ;AV  JOSE DA COSTA PINHEIRO JUNIOR 1901  ;TRAVESSAO           ;CARAGUATATUBA       ;  402;505096;BONIFICACAO;     13,20;00:00;00:00;                 
0001;   402;         ;  ;                    ;       59149;IMPERIO CAICARA     ;R   MARIA ALVES VAZ               52    ;TRAVESSAO           ;CARAGUATATUBA       ;  402;505349;VENDA      ;   1255,80;00:00;00:00;                 
0001;   403;         ;  ;                    ;          28;CHUVAS              ;R   ANTONIO DE LUCCA              317   ;JD DO SOL           ;CARAGUATATUBA       ;  403;505137;VENDA      ;    156,56;00:00;00:00;                 
0001;   403;         ;  ;                    ;        7579;ACOUG MERC LUCIMARA ;R   PEDRO JANUARIO LEITE          30    ;JARDIM OLARIA       ;CARAGUATATUBA       ;  403;505318;VENDA      ;    263,40;00:00;00:00;                 
0001;   403;         ;  ;                    ;        7950;ADEGA BARBOSA LTDA  ;R   PEDRO JANUARIO LEITE          50    ;JARDIM OLARIA       ;CARAGUATATUBA       ;  403;505275;VENDA      ;    529,53;00:00;00:00;                 
0001;   403;         ;  ;                    ;        7950;ADEGA BARBOSA LTDA  ;R   PEDRO JANUARIO LEITE          50    ;JARDIM OLARIA       ;CARAGUATATUBA       ;  403;505291;VENDA      ;    222,60;00:00;00:00;                 
0001;   403;         ;  ;                    ;        9254;MERCEARIA ILARIO    ;AV  BALEIA                        229   ;CAPRICORNIO I       ;CARAGUATATUBA       ;  403;505087;VENDA      ;    273,26;00:00;00:00;                 
0001;   403;         ;  ;                    ;       10062;ZE - PLANETA LIQUIDO;AV  PRISCILIANA DE CASTILHO       303   ;CENTRO              ;CARAGUATATUBA       ;  403;505343;VENDA      ;    765,92;00:00;00:00;                 
0001;   403;         ;  ;                    ;       10573;JORGE BRUNO MALDOS  ;AV  Maria de Lourdes da Silva Kfou6505  ;BALNEARIO COPACABANA;CARAGUATATUBA       ;  403;505300;VENDA      ;     83,98;00:00;00:00;                 
0001;   403;         ;  ;                    ;       11195;MERCEARIA D.R       ;R   JOAO RODRIGUES DO PRADO       310   ;BALNEARIO CALIFORNIA;CARAGUATATUBA       ;  403;505091;VENDA      ;    104,08;00:00;00:00;                 
0001;   403;         ;  ;                    ;       11195;MERCEARIA D.R       ;R   JOAO RODRIGUES DO PRADO       310   ;BALNEARIO CALIFORNIA;CARAGUATATUBA       ;  403;505092;BONIFICACAO;     12,18;00:00;00:00;                 
0001;   403;         ;  ;                    ;       11216;MERCEARIA DO MAURO  ;R   PEDRO JANUARIO LEITE          281   ;JARDIM OLARIA       ;CARAGUATATUBA       ;  403;505309;VENDA      ;    593,10;00:00;00:00;                 
0001;   403;         ;  ;                    ;       16221;ADEGA MARIN         ;R   DAS AZALEIAS                  11    ;GETUBA              ;CARAGUATATUBA       ;  403;505301;VENDA      ;    723,13;00:00;00:00;                 
0001;   403;         ;  ;                    ;       16945;SUPERMERCADO DUCASTR;R   ANTONIO HENRIQUE DE MESQUITA  17    ;JARDIM CASA BRANCA  ;CARAGUATATUBA       ;  403;505244;VENDA      ;   1651,29;00:00;00:00;                 
0001;   403;         ;  ;                    ;       18163;MARUBAYASHI COM. DE ;R   ANTONIO HENRIQUE DE MESQUITA  265   ;JARDIM CASA BRANCA  ;CARAGUATATUBA       ;  403;505238;VENDA      ;     61,84;00:00;00:00;                 
0001;   403;         ;  ;                    ;       18293;RUI DOS SANTOS BARB ;R   PEDRO JANUARIO LEITE          66    ;JARDIM OLARIA       ;CARAGUATATUBA       ;  403;505277;VENDA      ;     81,31;00:00;00:00;                 
0001;   404;         ;  ;                    ;         601;MERCEARIA MARUI     ;R   MARGINAL DA ENSEADA           1828  ;ENSEADA             ;UBATUBA             ;  404;505375;VENDA      ;     75,41;00:00;00:00;                 
0001;   404;         ;  ;                    ;        2721;IRMAOS RIBEIRO      ;R   ARMANDO DE BARROS PEREIRA     797   ;PRAIA GRANDE        ;UBATUBA             ;  404;505156;VENDA      ;     35,57;00:00;00:00;                 
0001;   404;         ;  ;                    ;        6313;MERCADO DO PRIMATA  ;R   DE ACESSO ITAMAMBUCA          245   ;ITAMAMBUCA          ;UBATUBA             ;  404;505095;VENDA      ;    517,50;00:00;00:00;                 
0001;   404;         ;  ;                    ;        9516;BEBIDAS GONCALVES   ;R   MARGINAL                      1994  ;PEREQUE MIRIM       ;UBATUBA             ;  404;505252;VENDA      ;    356,75;00:00;00:00;                 
0001;   404;         ;  ;                    ;       10714;MERCADINHO 3M       ;AV  FELIX GUISARD                 353   ;PEREQUE ACU         ;UBATUBA             ;  404;505099;VENDA      ;   1070,68;00:00;00:00;                 
0001;   404;         ;  ;                    ;       10715;ADEGA PRAIA GRANDE  ;AV  PROF LAURISTANO OLINTO CARVALH340   ;PRAIA GRANDE        ;UBATUBA             ;  404;505230;VENDA      ;     52,24;00:00;00:00;                 
0001;   404;         ;  ;                    ;       16400;ECO LANCHES         ;R   MARGINAL                      2220  ;PEREQUE MIRIM       ;UBATUBA             ;  404;505101;VENDA      ;    174,22;00:00;00:00;                 
0001;   404;         ;  ;                    ;       16910;ADEGA ICE BEER      ;AV  Maria de Lourdes da Silva Kfou199   ;BALNEARIO COPACABANA;CARAGUATATUBA       ;  404;505128;VENDA      ;    191,52;00:00;00:00;                 
0001;   404;         ;  ;                    ;       16910;ADEGA ICE BEER      ;AV  Maria de Lourdes da Silva Kfou199   ;BALNEARIO COPACABANA;CARAGUATATUBA       ;  404;505129;BONIFICACAO;     43,93;00:00;00:00;                 
0001;   404;         ;  ;                    ;       16919;TAL ADEGA E CONVENIE;R   PADRE MANOEL DA NOBREGA       2054  ;PEREQUE ACU         ;UBATUBA             ;  404;505103;VENDA      ;    469,19;00:00;00:00;                 
0001;   404;         ;  ;                    ;       16919;TAL ADEGA E CONVENIE;R   PADRE MANOEL DA NOBREGA       2054  ;PEREQUE ACU         ;UBATUBA             ;  404;505219;VENDA      ;     60,00;00:00;00:00;                 
0001;   404;         ;  ;                    ;       60003;ADEGA PRAIA GRANDE  ;R   MARIA REGINA JACINTO OLIVEIRA 320   ;PRAIA GRANDE        ;UBATUBA             ;  404;505104;VENDA      ;    499,82;00:00;00:00;                 
0001;   405;         ;  ;                    ;         831;ACQUA PURA BEBIDAS  ;AV  GUARDA MOR LOBO VIANA         190   ;CENTRO              ;SAO SEBASTIAO       ;  405;505088;VENDA      ;    781,37;00:00;00:00;                 
0001;   405;         ;  ;                    ;        2273;MERCADO IDEAL       ;R   DO CASCALHO                   799   ;BOICUCANGA          ;SAO SEBASTIAO       ;  405;505172;VENDA      ;      4,20;00:00;00:00;                 
0001;   405;         ;  ;                    ;        2273;MERCADO IDEAL       ;R   DO CASCALHO                   799   ;BOICUCANGA          ;SAO SEBASTIAO       ;  405;505171;VENDA      ;    152,68;00:00;00:00;                 
0001;   405;         ;  ;                    ;        3148;CASA CARNES RENASCER;AV  DOUTOR MANOEL HIPOLITO DO REGO640   ;CAMBURI             ;SAO SEBASTIAO       ;  405;505345;VENDA      ;     79,92;00:00;00:00;                 
0001;   405;         ;  ;                    ;        6266;MERCADO TAU         ;AV  DOUTOR FRANCISCO LOUP         880   ;MARESIAS            ;SAO SEBASTIAO       ;  405;505089;VENDA      ;   1508,31;00:00;00:00;                 
0001;   405;         ;  ;                    ;        7654;S5 - BOM GOSTO EMPOR;R   DOS NAVEGANTES                130   ;MARESIAS            ;SAO SEBASTIAO       ;  405;505098;VENDA      ;     13,56;00:00;00:00;                 
0001;   405;         ;  ;                    ;        7654;S5 - BOM GOSTO EMPOR;R   DOS NAVEGANTES                130   ;MARESIAS            ;SAO SEBASTIAO       ;  405;505329;VENDA      ;   1457,22;00:00;00:00;                 
0001;   405;         ;  ;                    ;        8634;SINCO SUPERMERCADOS ;R   BENEDITO MARIANO LEITE        127   ;BARRA VELHA         ;ILHABELA            ;  405;505100;VENDA      ;    900,76;00:00;00:00;                 
0001;   405;         ;  ;                    ;       11037;SUPER MERC BOM PRECO;R   DR CARVALHO                   178   ;VILA                ;ILHABELA            ;  405;505372;VENDA      ;   2460,12;00:00;00:00;                 
0001;   405;         ;  ;                    ;       11037;SUPER MERC BOM PRECO;R   DR CARVALHO                   178   ;VILA                ;ILHABELA            ;  405;505373;VENDA      ;   2399,80;00:00;00:00;                 
0001;   405;         ;  ;                    ;       11037;SUPER MERC BOM PRECO;R   DR CARVALHO                   178   ;VILA                ;ILHABELA            ;  405;505377;VENDA      ;   2556,21;00:00;00:00;                 
0001;   405;         ;  ;                    ;       11091;MERCADO SUL DA ILHA ;AV  RIACHUELO                     3111  ;RIBEIRAO            ;ILHABELA            ;  405;505105;VENDA      ;    457,60;00:00;00:00;                 
0001;   405;         ;  ;                    ;       11091;MERCADO SUL DA ILHA ;AV  RIACHUELO                     3111  ;RIBEIRAO            ;ILHABELA            ;  405;505106;VENDA      ;    960,10;00:00;00:00;                 
0001;   405;         ;  ;                    ;       17034;OPPS MINIMERCADO    ;R   RIACHUELO                     5967  ;PRAIA GRANDE        ;ILHABELA            ;  405;505107;VENDA      ;   1307,31;00:00;00:00;                 
0001;   405;         ;  ;                    ;       17703;MERCADO FLOR DO CACA;AV  WALKIR VERGANI                3     ;BOICUCANGA          ;SAO SEBASTIAO       ;  405;505274;VENDA      ;    535,92;00:00;00:00;                 
0001;   406;         ;  ;                    ;         323;CANTO DO MAR        ;AV  ODISSEU                       572   ;CANTO DO MAR        ;SAO SEBASTIAO       ;  406;505108;VENDA      ;    596,20;00:00;00:00;                 
0001;   406;         ;  ;                    ;         323;CANTO DO MAR        ;AV  ODISSEU                       572   ;CANTO DO MAR        ;SAO SEBASTIAO       ;  406;505109;BONIFICACAO;    210,00;00:00;00:00;                 
0001;   406;         ;  ;                    ;        7428;CRUZEIRO MORRO      ;R   GUILHERME DE ALMEIDA          1517  ;MORRO DO ALGODAO    ;CARAGUATATUBA       ;  406;505190;VENDA      ;   2201,25;00:00;00:00;                 
0001;   406;         ;  ;                    ;        7428;CRUZEIRO MORRO      ;R   GUILHERME DE ALMEIDA          1517  ;MORRO DO ALGODAO    ;CARAGUATATUBA       ;  406;505195;VENDA      ;    449,00;00:00;00:00;                 
0001;   406;         ;  ;                    ;        7429;CRUZEIRO BARRANCO   ;R   SEBASTIAO PAULINO FERREIRA    320   ;BARRANCO ALTO       ;CARAGUATATUBA       ;  406;505196;VENDA      ;    615,88;00:00;00:00;                 
0001;   406;         ;  ;                    ;        7429;CRUZEIRO BARRANCO   ;R   SEBASTIAO PAULINO FERREIRA    320   ;BARRANCO ALTO       ;CARAGUATATUBA       ;  406;505243;VENDA      ;     42,56;00:00;00:00;                 
0001;   406;         ;  ;                    ;        8108;CRUZEIRO PEREQUE    ;R   SANTA LUZIA                   194   ;PEREQUE MIRIM       ;CARAGUATATUBA       ;  406;505234;VENDA      ;   1893,54;00:00;00:00;                 
0001;   406;         ;  ;                    ;       17717;MERCADAO DO PORTO NO;AV  JOSE HERCULANO                6380  ;JARDIM PORTO NOVO   ;CARAGUATATUBA       ;  406;505110;VENDA      ;    348,16;00:00;00:00;                 
0001;   406;         ;  ;                    ;       17717;MERCADAO DO PORTO NO;AV  JOSE HERCULANO                6380  ;JARDIM PORTO NOVO   ;CARAGUATATUBA       ;  406;505112;BONIFICACAO;      8,40;00:00;00:00;                 
0001;   406;         ;  ;                    ;       56701;LOJA PEREQUE        ;AV  Orlando Alves de Souza        180   ;PEREQUE MIRIM       ;CARAGUATATUBA       ;  406;505113;VENDA      ;    379,38;00:00;00:00;                 
0001;   407;         ;  ;                    ;        2087;MERCADINHO ZEZINHO  ;R   ARMANDO DE BARROS PEREIRA     404   ;PRAIA GRANDE        ;UBATUBA             ;  407;505192;VENDA      ;    536,84;00:00;00:00;                 
0001;   407;         ;  ;                    ;        5132;S5 - SUP PORTO RIBEI;R   TAPIA                         399   ;SACO DA RIBEIRA     ;UBATUBA             ;  407;505178;VENDA      ;   1259,73;00:00;00:00;                 
0001;   407;         ;  ;                    ;        5132;S5 - SUP PORTO RIBEI;R   TAPIA                         399   ;SACO DA RIBEIRA     ;UBATUBA             ;  407;505182;BONIFICACAO;    199,13;00:00;00:00;                 
0001;   407;         ;  ;                    ;        7721;S5 - SUPERMERCADO DO;R   MARGINAL                      2304  ;PEREQUE MIRIM       ;UBATUBA             ;  407;505111;VENDA      ;    425,55;00:00;00:00;                 
0001;   407;         ;  ;                    ;        8419;MERCADO VILA FLOR   ;R   PADRE JOAO BAYLE              1592  ;SERTAO DA QUINA     ;UBATUBA             ;  407;505384;VENDA      ;    778,53;00:00;00:00;                 
0001;   407;         ;  ;                    ;       12420;TOP STOP            ;R   CAPITAO FELIPE                476   ;ITAGUA              ;UBATUBA             ;  407;505235;VENDA      ;   1972,97;00:00;00:00;                 
0001;   407;         ;  ;                    ;       19077;DA PRAIA SUPERMERCAD;R   ESTANISLAU MUNIZ              15    ;TABATINGA           ;UBATUBA             ;  407;505114;VENDA      ;    393,76;00:00;00:00;                 
0001;   407;         ;  ;                    ;       19077;DA PRAIA SUPERMERCAD;R   ESTANISLAU MUNIZ              15    ;TABATINGA           ;UBATUBA             ;  407;505115;BONIFICACAO;     10,40;00:00;00:00;                 
0001;287842;         ;  ;                    ;        1746;BOUTIQUE DO PAO     ;R   DR ALDINO SCHIAVI             517   ;MARTIM DE SA        ;CARAGUATATUBA       ;  205;505273;VENDA      ;     24,00;00:00;00:00;                 
0001;287842;         ;  ;                    ;        3555;S5 - PIZZARIA SAO PA;R   PAZ DE IPEROIG                26    ;CENTRO              ;UBATUBA             ;  204;505283;TROCA      ;      0,56;00:00;00:00;                 
0001;287842;         ;  ;                    ;        3695;S5 - BAR DO CARLINHO;R   JOSE PACINI                   252   ;TOPOLANDIA          ;SAO SEBASTIAO       ;  109;505284;TROCA      ;      0,27;00:00;00:00;                 
0001;287842;         ;  ;                    ;        6480;BAR DO GIL          ;R   NETUNO                        279   ;CANTO DO MAR        ;SAO SEBASTIAO       ;  109;505397;BONIFICACAO;      2,23;00:00;00:00;                 
0001;287842;         ;  ;                    ;       10454;SIRI BAMBOO         ;R   DOS LIRIOS                    1376  ;PRAIA LAGOINHA      ;UBATUBA             ;  207;505400;VENDA      ;     53,35;00:00;00:00;                 
0001;287842;         ;  ;                    ;       10477;BAR E MERCEARIA BEIR;AV  JOSE DA COSTA PINHEIRO        107   ;TRAVESSAO           ;CARAGUATATUBA       ;  104;505402;TROCA      ;      1,13;00:00;00:00;                 
0001;287842;         ;  ;                    ;       11685;CHOPERIA AVENIDA    ;AV  PRINCESA ISABEL               1574  ;PEREQUE             ;ILHABELA            ;  105;505396;BONIFICACAO;      2,22;00:00;00:00;                 
0001;287842;         ;  ;                    ;       11957;SONHO REAL          ;R   TIJUCAS                       550   ;SERTAO DO CAMBURI   ;SAO SEBASTIAO       ;  401;505285;TROCA      ;      6,00;00:00;00:00;                 
0001;287842;         ;  ;                    ;       12149;HOSTEL CENTRAL      ;R   TRES BANDEIRANTES             253   ;CENTRO              ;SAO SEBASTIAO       ;  110;505401;TROCA      ;      2,40;00:00;00:00;                 
0001;287842;         ;  ;                    ;       12614;ZE - ADEGA IMPERIAL ;R   GUAICURUS                     350   ;CENTRO              ;UBATUBA             ;  204;505286;TROCA      ;      9,00;00:00;00:00;                 
0001;287842;         ;  ;                    ;       15719;BAR DOS AMIGOS      ;R   CARREADOR DA ENSEADA          25    ;JARAGUA             ;SAO SEBASTIAO       ;  109;505394;BONIFICACAO;      2,23;00:00;00:00;                 
0001;287842;         ;  ;                    ;       16089;MERCADO QUERO QUERO ;EST DO CASCALHO                   1948  ;BOICUCANGA          ;SAO SEBASTIAO       ;  401;505289;VENDA      ;     39,00;00:00;00:00;                 
0001;287842;         ;  ;                    ;       16583;MERCEARIA DA BARREIR;R   JOSE INACIO CAMPELO           213   ;BAREQUECABA         ;SAO SEBASTIAO       ;  401;505330;BONIFICACAO;      9,00;00:00;00:00;                 
0001;287842;         ;  ;                    ;       16831;PRIMAS MERCEARIA E B;R   ONUMA                         515   ;JARAGUA             ;SAO SEBASTIAO       ;  109;505378;VENDA      ;     12,73;00:00;00:00;                 
0001;287842;         ;  ;                    ;       17767;O PEIXEIRO DE CARAGU;AV  ARTHUR COSTA FILHO            1999  ;CENTRO              ;CARAGUATATUBA       ;  207;505395;BONIFICACAO;     23,69;00:00;00:00;                 
0001;287842;         ;  ;                    ;       17964;FREEDOM ASSESSORIA  ;R   Antonio Lisboa Alves          445   ;VILA                ;ILHABELA            ;  101;505287;TROCA      ;      0,27;00:00;00:00;                 
0001;287842;         ;  ;                    ;       18074;WELLES DA SILVA OTO ;R   NAPOLEAO PEIXOTO DOS SANTOS   9     ;BAIRRO ALTO         ;NATIVIDADE DA SERRA ;  206;505282;TROCA      ;     11,10;00:00;00:00;                 
0001;287842;         ;  ;                    ;       19264;VEM QUE TEM BEBIDAS ;AV  DOUTOR FRANCISCO LOUP         458   ;MARESIAS            ;SAO SEBASTIAO       ;  108;505288;TROCA      ;      0,37;00:00;00:00;                 
0001;287842;         ;  ;                    ;       19681;65.447.855 JOAO VICT;R   CARREADOR DA ENSEADA          265   ;JARAGUA             ;SAO SEBASTIAO       ;  109;505374;VENDA      ;     12,73;00:00;00:00;                 
0001;287842;         ;  ;                    ;       19700;ROSA DE SOUZA       ;R   Rua Maximiliano Quintino dos S69    ;PRAIA DA ENSEADA    ;SAO SEBASTIAO       ;  109;505379;VENDA      ;      6,36;00:00;00:00;                 
0001;287842;         ;  ;                    ;       19705;WANDERLEI OLIVEIRA D;AC  ESTRADA DA TOCA               35    ;TOCA                ;ILHABELA            ;  101;505306;VENDA      ;    105,42;00:00;00:00;                 
0001;287842;         ;  ;                    ;       19706;DALILA LOPES        ;R   Rua dos Pescadores            53    ;CENTRO              ;UBATUBA             ;  201;505380;VENDA      ;    126,13;00:00;00:00;                 
0001;287842;         ;  ;                    ;       19707;SEA POKE            ;AV  Avenida Princesa Isabel       809   ;PEREQUE             ;ILHABELA            ;  105;505351;VENDA      ;     99,68;00:00;00:00;                 
0001;287842;         ;  ;                    ;       58607;BAR NAKAMURA        ;R   BALTAZAR FORTES               12    ;CENTRO              ;UBATUBA             ;  201;505308;VENDA      ;      2,00;00:00;00:00;                 
0001;287842;         ;  ;                    ;       59149;IMPERIO CAICARA     ;R   MARIA ALVES VAZ               52    ;TRAVESSAO           ;CARAGUATATUBA       ;  402;505355;BONIFICACAO;     48,84;00:00;00:00;                 
0001;287856;         ;  ;                    ;       11195;MERCEARIA D.R       ;R   JOAO RODRIGUES DO PRADO       310   ;BALNEARIO CALIFORNIA;CARAGUATATUBA       ;  403;505388;TROCA      ;      8,98;00:00;00:00;                 
